# Object Export From Tinkercad Server 2015

mtllib obj.mtl

o obj_0
v -2 		56 		61
v -2 		56 		59
v -2 		79 		59
v -2 		79 		61
v -3 		78 		61
v -3 		57 		61
v -3 		57 		59
v -3 		77 		59
v -3 		57 		66
v -3 		78 		66
v -3 		62.213 		32.605
v -29.131 		68.93 		87.536
v -30.101 		69.247 		87.536
v -3 		62.094 		31.881
v -3 		62.022 		31.143
v -44.106 		60 		78.645
v -3 		61.9972 		30.403
v -3 		61.997 		30.403
v -3 		64.642 		37.105
v -3 		64.221 		36.721
v -44.651 		60 		78.639
v -45.062 		60 		78.639
v -3 		63.826 		36.276
v -30.252 		69.125 		88
v -3 		63.463 		35.775
v -45.097 		60 		78.638
v -3 		63.133 		35.222
v -31.588 		66.343 		90.796
v -30.974 		66.292 		90.638
v -45.131 		60 		78.636
v -3 		62.841 		34.623
v -3 		62.588 		33.982
v -34.748 		67.194 		90.796
v -3 		62.378 		33.308
v -34.151 		67.026 		90.909
v -45.164 		60 		78.633
v -3 		68.452 		37.675
v -45.196 		60 		78.628
v -34.337 		66.966 		90.909
v -3 		67.976 		37.856
v -3 		67.49 		37.966
v -3 		67 		38.003
v -45.258 		60 		78.614
v -34.987 		67.082 		90.796
v -3 		66.51 		37.966
v -45.227 		60 		78.622
v -3 		66.024 		37.856
v -3 		65.548 		37.675
v -3 		65.086 		37.424
v -3 		71.978 		31.143
v -3 		72.0018 		30.403
v -3 		72.002 		30.403
v -28.97 		69.019 		87.052
v -3 		71.906 		31.881
v -30.974 		66.708 		90.638
v -3 		71.787 		32.605
v -3 		71.622 		33.308
v -3 		71.412 		33.982
v -31.588 		66.657 		90.796
v -3 		71.159 		34.623
v -3 		70.867 		35.222
v -29.976 		69.348 		87.052
v -3 		70.537 		35.775
v -3 		70.174 		36.276
v -3 		69.779 		36.721
v -3 		69.358 		37.105
v -3 		68.914 		37.424
v -3 		72.002 		0
v -3 		77 		0
v -29.878 		69.428 		86.553
v -3 		57 		0
v -3 		61.997 		0
v -64 		79 		61
v -64 		79 		59
v -64 		56 		59
v -64 		56 		61
v -63 		57 		61
v -63 		78 		61
v -63 		77 		59
v -63 		57 		59
v -63 		78 		66
v -63 		57 		66
v -63 		62.213 		32.605
v -63 		62.094 		31.881
v -63 		62.022 		31.143
v -63 		61.9972 		30.403
v -63 		61.997 		30.403
v -63 		64.642 		37.105
v -63 		64.221 		36.721
v -63 		63.826 		36.276
v -34.628 		66.804 		90.909
v -31.819 		66.047 		90.796
v -63 		63.463 		35.775
v -63 		63.133 		35.222
v -63 		62.841 		34.623
v -31.676 		66.19 		90.796
v -63 		62.588 		33.982
v -63 		62.378 		33.308
v -63 		68.452 		37.675
v -63 		67.976 		37.856
v -63 		67.49 		37.966
v -63 		67 		38.003
v -31.279 		65.901 		90.638
v -63 		66.51 		37.966
v -63 		66.024 		37.856
v -63 		65.548 		37.675
v -63 		65.086 		37.424
v -63 		72.0018 		30.403
v -63 		71.978 		31.143
v -63 		72.002 		30.403
v -63 		71.906 		31.881
v -63 		71.787 		32.605
v -31.09 		66.091 		90.638
v -63 		71.622 		33.308
v -63 		71.412 		33.982
v -35.375 		68.016 		90.196
v -63 		71.159 		34.623
v -63 		70.867 		35.222
v -63 		70.537 		35.775
v -35.91 		67.841 		90.196
v -63 		70.174 		36.276
v -63 		69.779 		36.721
v -63 		69.358 		37.105
v -63 		68.914 		37.424
v -63 		77 		0
v -63 		72.002 		0
v -63 		61.997 		0
v -63 		57 		0
v -59 		76 		72
v -59 		76 		66
v -59 		59 		66
v -59 		59 		72
v -55 		73 		80
v -55 		73 		72
v -55 		61 		72
v -55 		61 		80
v -51 		70 		85
v -51 		70 		80
v -51 		63 		80
v -51 		63 		85
v -35.149 		67.417 		90.638
v -48 		61 		73
v -32.276 		66.292 		90.909
v -48 		61 		73.455
v -48 		61 		78.639
v -48 		61 		79.094
v -37.25 		66.5 		90.196
v -37.193 		66.196 		90.196
v -37.193 		66.804 		90.196
v -48 		60 		79.094
v -48 		60 		78.639
v -29.807 		69.485 		86.042
v -48 		60 		73.455
v -48 		60 		73
v -7 		59 		72
v -7 		59 		66
v -44.651 		60 		79.094
v -37.193 		67.946 		89.596
v -19.029 		60 		74.064
v -31.279 		69.348 		88
v -19.003 		60 		74.006
v -18.977 		60 		73.952
v -18.952 		60 		73.901
v -18.926 		60 		73.853
v -37.563 		68.091 		89.243
v -32.372 		69.485 		88
v -18.901 		60 		73.809
v -18.849 		60 		73.729
v -20.523 		60 		73.753
v -31.175 		69.481 		87.536
v -20.522 		60 		73.781
v -20.523 		60 		73.816
v -20.525 		60 		73.85
v -32.32 		69.624 		87.536
v -20.529 		60 		73.884
v -20.534 		60 		73.918
v -20.541 		60 		73.951
v -20.55 		60 		73.984
v -20.559 		60 		74.014
v -20.568 		60 		74.043
v -20.578 		60 		74.071
v -20.587 		60 		74.099
v -20.596 		60 		74.125
v -20.605 		60 		74.15
v -31.09 		69.591 		87.052
v -37.225 		67.504 		89.915
v -18.646 		60 		73.537
v -18.613 		60 		73.52
v -18.58 		60 		73.504
v -32.276 		69.739 		87.052
v -37.542 		67.187 		89.915
v -18.547 		60 		73.491
v -18.512 		60 		73.48
v -18.477 		60 		73.472
v -37.736 		66.849 		89.915
v -18.442 		60 		73.466
v -18.406 		60 		73.461
v -18.37 		60 		73.458
v -18.333 		60 		73.456
v -18.296 		60 		73.455
v -18.114 		60 		73.455
v -18.114 		60 		73
v -37.675 		67.625 		89.596
v -18.822 		60 		73.693
v -18.795 		60 		73.659
v -18.766 		60 		73.629
v -18.737 		60 		73.602
v -18.708 		60 		73.578
v -18.677 		60 		73.556
v -31.022 		69.677 		86.553
v -38.03 		67.269 		89.596
v -19.688 		60 		73
v -20.694 		60 		73.506
v -32.242 		69.829 		86.553
v -20.674 		60 		73.517
v -20.654 		60 		73.529
v -20.634 		60 		73.542
v -38.248 		66.891 		89.596
v -20.616 		60 		73.557
v -20.599 		60 		73.573
v -30.974 		69.739 		86.042
v -20.583 		60 		73.592
v -20.569 		60 		73.612
v -20.557 		60 		73.633
v -32.217 		69.894 		86.042
v -20.546 		60 		73.655
v -20.537 		60 		73.677
v -20.53 		60 		73.701
v -20.526 		60 		73.726
v -21.052 		60 		79.094
v -22.378 		60 		79.094
v -38.093 		67.737 		89.243
v -22.028 		60 		78.102
v -22.043 		60 		78.152
v -38.483 		67.346 		89.243
v -22.057 		60 		78.202
v -29.764 		69.52 		85.523
v -22.086 		60 		78.113
v -22.071 		60 		78.158
v -35.085 		67.781 		90.438
v -38.723 		66.93 		89.243
v -30.945 		69.776 		85.523
v -35.537 		67.633 		90.438
v -35.928 		67.451 		90.438
v -32.203 		69.934 		85.523
v -23.285 		61 		73.456
v -24.79 		61 		73.596
v -24.76 		61 		73.623
v -24.731 		61 		73.653
v -24.702 		61 		73.687
v -24.674 		61 		73.723
v -29.75 		69.531 		85
v -30.935 		69.789 		85
v -32.198 		69.947 		85
v -22.845 		60 		73.455
v -22.845 		60 		73
v -35.181 		66.953 		90.796
v -23.257 		60 		73.455
v -35.324 		66.81 		90.796
v -35.465 		67.269 		90.638
v -28.752 		66.891 		89.596
v -35.721 		67.099 		90.638
v -28.277 		66.93 		89.243
v -35.91 		66.909 		90.638
v -28.517 		67.346 		89.243
v -27.842 		66.966 		88.857
v -36.245 		67.24 		90.438
v -28.101 		67.417 		88.857
v -36.478 		67.006 		90.438
v -28.524 		67.841 		88.857
v -36.373 		67.625 		90.196
v -27.45 		66.998 		88.441
v -27.727 		67.481 		88.441
v -36.748 		67.375 		90.196
v -23.517 		60 		73.509
v -28.179 		67.934 		88.441
v -23.494 		60 		73.498
v -37.024 		67.099 		90.196
v -28.794 		68.343 		88.441
v -23.47 		60 		73.489
v -23.445 		60 		73.48
v -23.418 		60 		73.473
v -23.693 		60 		73.726
v -23.688 		60 		73.701
v -23.681 		60 		73.677
v -23.672 		60 		73.655
v -23.662 		60 		73.633
v -23.647 		60 		73.614
v -23.631 		60 		73.595
v -23.615 		60 		73.578
v -23.557 		60 		73.535
v -23.538 		60 		73.521
v -23.597 		60 		73.562
v -28.752 		66.109 		89.596
v -23.577 		60 		73.548
v -23.366 		60 		73.463
v -33.08 		66.734 		90.977
v -23.312 		60 		73.457
v -28.679 		66.5 		89.596
v -23.285 		60 		73.456
v -24.79 		60 		73.596
v -24.76 		60 		73.623
v -24.731 		60 		73.653
v -24.702 		60 		73.687
v -24.674 		60 		73.723
v -25.678 		61 		78.639
v -25.678 		61 		79.094
v -28.517 		65.654 		89.243
v -28.277 		66.07 		89.243
v -26.09 		61 		78.639
v -26.124 		61 		78.638
v -26.158 		61 		78.636
v -26.191 		61 		78.633
v -26.285 		61 		78.614
v -26.317 		61 		78.607
v -37.193 		68.554 		88.857
v -28.197 		66.5 		89.243
v -37.901 		68.223 		88.857
v -33.08 		66.266 		90.977
v -38.476 		67.841 		88.857
v -38.899 		67.417 		88.857
v -28.524 		65.159 		88.857
v -28.101 		65.583 		88.857
v -37.449 		68.696 		88.441
v -21.998 		60 		77.997
v -22.013 		60 		78.05
v -21.982 		60 		77.943
v -21.95 		60 		77.833
v -38.206 		68.343 		88.441
v -22.119 		60 		78.019
v -22.102 		60 		78.067
v -27.842 		66.034 		88.857
v -22.155 		60 		77.919
v -22.136 		60 		77.97
v -22.173 		60 		77.868
v -38.821 		67.934 		88.441
v -21.652 		60 		76.923
v -21.669 		60 		76.973
v -21.703 		60 		77.074
v -21.72 		60 		77.125
v -21.685 		60 		77.023
v -27.755 		66.5 		88.857
v -21.933 		60 		77.778
v -21.916 		60 		77.722
v -21.845 		60 		77.501
v -21.828 		60 		77.446
v -21.811 		60 		77.392
v -21.861 		60 		77.556
v -21.88 		60 		77.612
v -22.212 		60 		77.764
v -22.232 		60 		77.712
v -22.193 		60 		77.816
v -22.294 		60 		77.55
v -22.316 		60 		77.496
v -22.273 		60 		77.606
v -22.252 		60 		77.659
v -28.179 		65.066 		88.441
v -22.383 		60 		77.333
v -22.36 		60 		77.387
v -22.338 		60 		77.441
v -21.738 		60 		77.178
v -21.775 		60 		77.284
v -21.757 		60 		77.231
v -27.727 		65.519 		88.441
v -22.426 		60 		77.225
v -22.447 		60 		77.171
v -22.406 		60 		77.28
v -22.467 		60 		77.118
v -22.506 		60 		77.016
v -22.486 		60 		77.067
v -27.45 		66.002 		88.441
v -22.524 		60 		76.966
v -39.158 		66.966 		88.857
v -20.947 		60 		75.005
v -21.136 		60 		75.527
v -27.356 		66.5 		88.441
v -39.273 		67.481 		88.441
v -23.097 		60 		75.527
v -23.299 		60 		75.005
v -39.55 		66.998 		88.441
v -23.592 		60 		74.231
v -23.578 		60 		74.267
v -23.605 		60 		74.194
v -23.631 		60 		74.114
v -23.643 		60 		74.071
v -26.223 		61 		78.628
v -26.255 		61 		78.622
v -23.668 		60 		73.981
v -23.655 		60 		74.027
v -23.678 		60 		73.937
v -23.686 		60 		73.895
v -23.692 		60 		73.855
v -23.695 		60 		73.817
v -23.697 		60 		73.781
v -23.696 		60 		73.753
v -26.347 		61 		78.598
v -26.374 		61 		78.586
v -26.4 		61 		78.573
v -26.424 		61 		78.558
v -24.646 		60 		73.762
v -26.446 		61 		78.54
v -26.468 		61 		78.519
v -26.488 		61 		78.494
v -26.507 		61 		78.468
v -26.523 		61 		78.439
v -26.538 		61 		78.408
v -26.551 		61 		78.374
v -24.618 		60 		73.803
v -24.59 		60 		73.849
v -24.562 		60 		73.898
v -24.534 		60 		73.951
v -24.506 		60 		74.008
v -24.478 		60 		74.07
v -21.31 		60 		73.455
v -20.933 		60 		73.455
v -20.91 		60 		73.456
v -20.886 		60 		73.457
v -20.837 		60 		73.463
v -20.862 		60 		73.46
v -20.787 		60 		73.473
v -20.762 		60 		73.48
v -20.738 		60 		73.488
v -20.715 		60 		73.497
v -26.806 		67.051 		87.536
v -21.31 		60 		73
v -26.559 		67.071 		87.052
v -26.561 		61 		78.335
v -26.57 		61 		78.292
v -26.577 		61 		78.245
v -26.582 		61 		78.194
v -26.584 		61 		78.139
v -26.585 		61 		78.079
v -43.235 		61 		73.752
v -43.225 		61 		73.795
v -43.217 		61 		73.842
v -43.211 		61 		73.894
v -43.207 		61 		73.949
v -43.206 		61 		74.008
v -43.235 		60 		73.752
v -43.225 		60 		73.795
v -43.217 		60 		73.842
v -43.211 		60 		73.894
v -25.678 		60 		78.639
v -43.207 		60 		73.949
v -25.678 		60 		79.094
v -43.206 		60 		74.008
v -26.09 		60 		78.639
v -26.124 		60 		78.638
v -26.158 		60 		78.636
v -23.784 		60 		73.6825
v -26.191 		60 		78.633
v -42.481 		61 		77.698
v -42.481 		61 		74.008
v -42.48 		61 		73.949
v -42.477 		61 		73.894
v -42.472 		61 		73.842
v -42.465 		61 		73.795
v -42.456 		61 		73.752
v -42.481 		60 		77.698
v -26.285 		60 		78.614
v -26.317 		60 		78.607
v -42.481 		60 		74.008
v -26.223 		60 		78.628
v -42.48 		60 		73.949
v -26.255 		60 		78.622
v -42.477 		60 		73.894
v -42.472 		60 		73.842
v -42.465 		60 		73.795
v -42.456 		60 		73.752
v -26.347 		60 		78.598
v -26.374 		60 		78.586
v -41.574 		61 		73.455
v -41.574 		61 		73
v -26.4 		60 		78.573
v -26.424 		60 		78.558
v -42.21 		61 		73.481
v -42.181 		61 		73.473
v -42.115 		61 		73.463
v -42.083 		61 		73.46
v -42.05 		61 		73.457
v -42.018 		61 		73.456
v -41.985 		61 		73.455
v -26.446 		60 		78.54
v -26.468 		60 		78.519
v -26.488 		60 		78.494
v -26.507 		60 		78.468
v -26.523 		60 		78.439
v -26.538 		60 		78.408
v -26.551 		60 		78.374
v -26.561 		60 		78.335
v -42.446 		61 		73.713
v -42.431 		61 		73.68
v -42.415 		61 		73.648
v -26.57 		60 		78.292
v -42.397 		61 		73.62
v -42.378 		61 		73.593
v -42.357 		61 		73.569
v -42.334 		61 		73.547
v -42.312 		61 		73.53
v -42.289 		61 		73.514
v -42.264 		61 		73.501
v -42.238 		61 		73.49
v -26.577 		60 		78.245
v -26.582 		60 		78.194
v -26.584 		60 		78.139
v -26.585 		60 		78.079
v -28.162 		61 		78.374
v -28.175 		61 		78.408
v -28.189 		61 		78.439
v -28.206 		61 		78.468
v -28.224 		61 		78.494
v -28.245 		61 		78.519
v -28.267 		61 		78.54
v -28.289 		61 		78.558
v -28.312 		61 		78.573
v -28.337 		61 		78.586
v -28.363 		61 		78.598
v -28.391 		61 		78.607
v -26.366 		67.087 		86.553
v -26.692 		67.656 		86.553
v -27.88 		60 		79.094
v -26.226 		67.099 		86.042
v -28.162 		60 		78.374
v -28.175 		60 		78.408
v -26.559 		67.679 		86.042
v -28.421 		61 		78.614
v -28.451 		61 		78.622
v -28.483 		61 		78.628
v -28.516 		61 		78.633
v -28.551 		61 		78.636
v -28.586 		61 		78.638
v -28.623 		61 		78.639
v -27.875 		68.016 		88
v -33.5 		66.5 		91
v -28.12 		61 		78.079
v -28.122 		61 		78.139
v -28.125 		61 		78.194
v -28.131 		61 		78.245
v -28.139 		61 		78.292
v -28.15 		61 		78.335
v -28.524 		68.448 		88
v -27.613 		68.086 		87.536
v -28.293 		68.539 		87.536
v -28.189 		60 		78.439
v -28.206 		60 		78.468
v -28.224 		60 		78.494
v -28.245 		60 		78.519
v -28.267 		60 		78.54
v -28.289 		60 		78.558
v -28.312 		60 		78.573
v -28.337 		60 		78.586
v -27.397 		68.144 		87.052
v -28.363 		60 		78.598
v -28.391 		60 		78.607
v -28.101 		68.614 		87.052
v -28.421 		60 		78.614
v -28.451 		60 		78.622
v -28.483 		60 		78.628
v -28.516 		60 		78.633
v -28.551 		60 		78.636
v -28.586 		60 		78.638
v -28.623 		60 		78.639
v -28.12 		60 		78.079
v -32.217 		66.394 		90.909
v -28.122 		60 		78.139
v -28.125 		60 		78.194
v -28.131 		60 		78.245
v -28.139 		60 		78.292
v -28.15 		60 		78.335
v -32.198 		66.5 		90.909
v -26.585 		61 		74.008
v -26.584 		61 		73.949
v -26.582 		61 		73.894
v -26.577 		61 		73.842
v -26.57 		61 		73.795
v -26.561 		61 		73.752
v -26.585 		60 		74.008
v -27.103 		67.026 		88
v -26.584 		60 		73.949
v -26.582 		60 		73.894
v -32.217 		66.606 		90.909
v -29.878 		63.572 		86.553
v -29.807 		63.515 		86.042
v -32.276 		66.708 		90.909
v -27.397 		67.537 		88
v -27.113 		67.585 		87.536
v -32.372 		63.515 		88
v -31.279 		63.652 		88
v -26.877 		67.625 		87.052
v -32.32 		63.376 		87.536
v -31.175 		63.519 		87.536
v -32.999 		66.304 		90.977
v -32.934 		66.347 		90.977
v -32.886 		66.396 		90.977
v -32.856 		66.447 		90.977
v -32.846 		66.5 		90.977
v -32.856 		66.553 		90.977
v -27.226 		68.19 		86.553
v -32.886 		66.604 		90.977
v -32.276 		63.261 		87.052
v -32.934 		66.653 		90.977
v -32.999 		66.696 		90.977
v -31.09 		63.409 		87.052
v -27.95 		68.673 		86.553
v -27.103 		68.223 		86.042
v -27.842 		68.716 		86.042
v -32.242 		63.171 		86.553
v -31.022 		63.323 		86.553
v -32.217 		63.106 		86.042
v -30.974 		63.261 		86.042
v -26.806 		65.949 		87.536
v -32.849 		65.974 		90.909
v -26.703 		66.5 		87.536
v -32.663 		66.034 		90.909
v -26.559 		65.929 		87.052
v -32.502 		66.109 		90.909
v -26.452 		66.5 		87.052
v -32.203 		63.066 		85.523
v -32.372 		66.196 		90.909
v -30.945 		63.224 		85.523
v -29.764 		63.48 		85.523
v -26.692 		65.344 		86.553
v -32.252 		65.806 		90.796
v -32.198 		63.053 		85
v -30.935 		63.211 		85
v -26.366 		65.913 		86.553
v -32.013 		65.918 		90.796
v -29.75 		63.469 		85
v -26.256 		66.5 		86.553
v -26.559 		65.321 		86.042
v -34.498 		63.86 		88.857
v -26.226 		65.901 		86.042
v -31.851 		65.583 		90.638
v -26.114 		66.5 		86.042
v -33.5 		63.819 		88.857
v -31.535 		65.731 		90.638
v -31.915 		65.219 		90.438
v -34.567 		63.677 		88.441
v -31.463 		65.367 		90.438
v -33.5 		63.633 		88.441
v -31.072 		65.549 		90.438
v -41.574 		60 		73.455
v -41.574 		60 		73
v -42.21 		60 		73.481
v -42.181 		60 		73.473
v -42.115 		60 		73.463
v -42.083 		60 		73.46
v -42.05 		60 		73.457
v -42.018 		60 		73.456
v -41.985 		60 		73.455
v -35.465 		63.981 		88.857
v -42.446 		60 		73.713
v -42.431 		60 		73.68
v -42.415 		60 		73.648
v -35.601 		63.806 		88.441
v -42.397 		60 		73.62
v -42.378 		60 		73.593
v -42.357 		60 		73.569
v -42.334 		60 		73.547
v -42.312 		60 		73.53
v -42.289 		60 		73.514
v -42.264 		60 		73.501
v -42.238 		60 		73.49
v -43.513 		61 		73.473
v -43.484 		61 		73.481
v -43.455 		61 		73.49
v -43.428 		61 		73.501
v -43.402 		61 		73.514
v -43.377 		61 		73.53
v -43.353 		61 		73.547
v -43.331 		61 		73.569
v -43.31 		61 		73.593
v -43.292 		61 		73.62
v -43.275 		61 		73.648
v -43.261 		61 		73.68
v -43.248 		61 		73.713
v -34.628 		63.515 		88
v -33.5 		63.469 		88
v -34.68 		63.376 		87.536
v -33.5 		63.328 		87.536
v -34.001 		66.304 		90.977
v -33.92 		66.266 		90.977
v -34.724 		63.261 		87.052
v -33.5 		63.211 		87.052
v -26.577 		60 		73.842
v -26.57 		60 		73.795
v -26.561 		60 		73.752
v -28.15 		60 		73.752
v -28.139 		60 		73.795
v -28.131 		60 		73.842
v -28.125 		60 		73.894
v -28.122 		60 		73.949
v -28.12 		60 		74.008
v -33.92 		66.734 		90.977
v -25.26 		60 		73.455
v -34.001 		66.696 		90.977
v -25.216 		60 		73.456
v -25.174 		60 		73.458
v -25.134 		60 		73.461
v -25.095 		60 		73.466
v -25.058 		60 		73.472
v -25.022 		60 		73.48
v -24.988 		60 		73.489
v -24.953 		60 		73.501
v -24.919 		60 		73.515
v -24.886 		60 		73.532
v -24.853 		60 		73.551
v -34.758 		63.171 		86.553
v -24.82 		60 		73.572
v -33.5 		63.119 		86.553
v -25.371 		60 		73.455
v -25.371 		60 		73
v -25.678 		60 		73
v -25.678 		60 		73.455
v -26.317 		60 		73.481
v -26.285 		60 		73.473
v -26.255 		60 		73.468
v -26.223 		60 		73.463
v -26.191 		60 		73.46
v -26.158 		60 		73.457
v -26.09 		60 		73.455
v -26.551 		60 		73.713
v -26.538 		60 		73.68
v -34.783 		63.106 		86.042
v -26.523 		60 		73.648
v -26.507 		60 		73.62
v -26.488 		60 		73.593
v -26.468 		60 		73.569
v -26.446 		60 		73.547
v -26.424 		60 		73.53
v -33.5 		63.053 		86.042
v -26.4 		60 		73.514
v -33.5 		66.195 		90.977
v -26.374 		60 		73.501
v -26.347 		60 		73.49
v -33.386 		66.2 		90.977
v -26.856 		60 		73
v -33.276 		66.213 		90.977
v -28.391 		60 		73.481
v -33.173 		66.236 		90.977
v -28.363 		60 		73.49
v -28.337 		60 		73.501
v -28.312 		60 		73.514
v -28.289 		60 		73.53
v -33.5 		65.892 		90.909
v -28.267 		60 		73.547
v -28.245 		60 		73.569
v -28.224 		60 		73.593
v -28.206 		60 		73.62
v -33.274 		65.901 		90.909
v -28.189 		60 		73.648
v -28.175 		60 		73.68
v -28.162 		60 		73.713
v -28.623 		60 		73.455
v -28.15 		61 		73.752
v -28.139 		61 		73.795
v -28.131 		61 		73.842
v -28.125 		61 		73.894
v -28.122 		61 		73.949
v -28.586 		60 		73.456
v -28.12 		61 		74.008
v -28.551 		60 		73.457
v -28.516 		60 		73.46
v -36.748 		63.875 		88
v -28.483 		60 		73.463
v -28.451 		60 		73.468
v -28.421 		60 		73.473
v -29.028 		60 		79.094
v -29.028 		60 		78.639
v -35.721 		63.652 		88
v -30.362 		60 		77.936
v -30.481 		60 		78.084
v -30.61 		60 		78.222
v -30.751 		60 		78.35
v -30.905 		60 		78.468
v -31.986 		60 		77.975
v -25.26 		61 		73.455
v -25.216 		61 		73.456
v -25.174 		61 		73.458
v -25.134 		61 		73.461
v -32.169 		60 		78.157
v -25.095 		61 		73.466
v -25.058 		61 		73.472
v -25.022 		61 		73.48
v -24.988 		61 		73.489
v -24.953 		61 		73.501
v -24.919 		61 		73.515
v -24.886 		61 		73.532
v -24.853 		61 		73.551
v -24.82 		61 		73.572
v -32.379 		60 		78.306
v -32.616 		60 		78.422
v -36.899 		63.753 		87.536
v -32.879 		60 		78.505
v -31.07 		60 		78.575
v -31.245 		60 		78.672
v -31.43 		60 		78.76
v -35.825 		63.519 		87.536
v -31.626 		60 		78.836
v -31.833 		60 		78.903
v -32.049 		60 		78.961
v -32.275 		60 		79.009
v -32.509 		60 		79.046
v -32.754 		60 		79.072
v -29.843 		60 		75.924
v -29.837 		60 		76.154
v -29.844 		60 		76.392
v -29.863 		60 		76.619
v -29.896 		60 		76.837
v -29.942 		60 		77.045
v -30.002 		60 		77.244
v -30.074 		60 		77.433
v -30.159 		60 		77.611
v -30.255 		60 		77.778
v -31.477 		60 		76.154
v -31.48 		60 		75.955
v -31.491 		60 		76.545
v -31.533 		60 		76.901
v -31.604 		60 		77.221
v -31.703 		60 		77.507
v -31.831 		60 		77.758
v -37.024 		63.652 		87.052
v -25.678 		61 		73.455
v -25.371 		61 		73.455
v -35.91 		63.409 		87.052
v -30.859 		60 		73.745
v -30.709 		60 		73.879
v -30.571 		60 		74.021
v -30.445 		60 		74.173
v -30.331 		60 		74.334
v -30.229 		60 		74.505
v -30.138 		60 		74.686
v -25.371 		61 		73
v -30.06 		60 		74.875
v -29.992 		60 		75.072
v -29.936 		60 		75.274
v -25.678 		61 		73
v -29.893 		60 		75.484
v -29.862 		60 		75.701
v -31.655 		60 		74.902
v -31.707 		60 		74.752
v -31.609 		60 		75.06
v -31.569 		60 		75.225
v -31.536 		60 		75.397
v -31.51 		60 		75.576
v -31.492 		60 		75.762
v -26.317 		61 		73.481
v -26.285 		61 		73.473
v -26.255 		61 		73.468
v -26.223 		61 		73.463
v -26.191 		61 		73.46
v -26.158 		61 		73.457
v -32.499 		60 		73.771
v -26.09 		61 		73.455
v -32.383 		60 		73.844
v -32.274 		60 		73.927
v -32.171 		60 		74.019
v -32.075 		60 		74.12
v -31.986 		60 		74.23
v -31.906 		60 		74.349
v -31.833 		60 		74.475
v -35.978 		63.323 		86.553
v -31.766 		60 		74.61
v -29.028 		60 		73.455
v -29.028 		60 		73
v -26.551 		61 		73.713
v -26.538 		61 		73.68
v -26.523 		61 		73.648
v -26.507 		61 		73.62
v -26.488 		61 		73.593
v -26.468 		61 		73.569
v -26.446 		61 		73.547
v -26.424 		61 		73.53
v -26.4 		61 		73.514
v -32.885 		60 		73.608
v -26.374 		61 		73.501
v -26.347 		61 		73.49
v -32.75 		60 		73.653
v -32.621 		60 		73.707
v -32.994 		60 		73.006
v -32.73 		60 		73.025
v -32.476 		60 		73.057
v -32.234 		60 		73.101
v -32.003 		60 		73.158
v -31.784 		60 		73.228
v -31.576 		60 		73.311
v -31.379 		60 		73.404
v -31.194 		60 		73.507
v -31.021 		60 		73.621
v -36.026 		63.261 		86.042
v -33.169 		60 		78.554
v -33.486 		60 		78.571
v -34.038 		60 		78.571
v -33.007 		60 		79.088
v -33.27 		60 		79.094
v -35.787 		60 		78.593
v -35.815 		60 		78.604
v -35.843 		60 		78.613
v -35.873 		60 		78.62
v -36.055 		63.224 		85.523
v -35.903 		60 		78.626
v -35.967 		60 		78.634
v -36 		60 		78.637
v -36.068 		60 		78.639
v -34.797 		63.066 		85.523
v -35.595 		60 		78.356
v -35.608 		60 		78.393
v -35.62 		60 		78.424
v -35.635 		60 		78.454
v -33.5 		63.013 		85.523
v -35.651 		60 		78.48
v -35.67 		60 		78.505
v -35.69 		60 		78.527
v -35.712 		60 		78.546
v -35.736 		60 		78.564
v -35.761 		60 		78.579
v -35.566 		60 		78.116
v -36.065 		63.211 		85
v -35.567 		60 		78.171
v -35.57 		60 		78.223
v -35.576 		60 		78.271
v -35.584 		60 		78.315
v -34.802 		63.053 		85
v -36.473 		60 		78.639
v -36.473 		60 		79.094
v -36.905 		60 		78.645
v -36.905 		60 		79.094
v -33.5 		63 		85
v -35.595 		60 		73.752
v -35.584 		60 		73.795
v -35.576 		60 		73.841
v -35.57 		60 		73.891
v -35.567 		60 		73.945
v -35.566 		60 		74.002
v -34.038 		60 		73.529
v -33.493 		60 		73.529
v -33.331 		60 		73.534
v -33.176 		60 		73.549
v -33.028 		60 		73.573
v -38.03 		63.981 		87.052
v -33.27 		60 		73
v -35.836 		60 		73.475
v -35.808 		60 		73.484
v -35.782 		60 		73.497
v -35.757 		60 		73.511
v -35.734 		60 		73.528
v -28.391 		61 		73.481
v -28.363 		61 		73.49
v -35.712 		60 		73.547
v -28.337 		61 		73.501
v -28.312 		61 		73.514
v -28.289 		61 		73.53
v -28.267 		61 		73.547
v -28.245 		61 		73.569
v -28.224 		61 		73.593
v -28.206 		61 		73.62
v -28.189 		61 		73.648
v -28.175 		61 		73.68
v -28.162 		61 		73.713
v -35.69 		60 		73.567
v -35.67 		60 		73.59
v -35.651 		60 		73.616
v -38.157 		63.91 		86.553
v -35.635 		60 		73.646
v -35.62 		60 		73.678
v -35.608 		60 		73.713
v -36.031 		60 		73.449
v -37.122 		63.572 		86.553
v -35.996 		60 		73.451
v -35.962 		60 		73.453
v -35.929 		60 		73.457
v -35.897 		60 		73.462
v -35.866 		60 		73.467
v -38.248 		63.86 		86.042
v -36.473 		60 		73.449
v -36.473 		60 		73
v -38.12 		60 		79.094
v -37.193 		63.515 		86.042
v -37.317 		60 		78.645
v -28.623 		61 		73.455
v -28.586 		61 		73.456
v -28.551 		61 		73.457
v -28.516 		61 		73.46
v -37.349 		60 		78.644
v -28.483 		61 		73.463
v -28.451 		61 		73.468
v -28.421 		61 		73.473
v -37.381 		60 		78.642
v -37.413 		60 		78.639
v -37.444 		60 		78.634
v -37.475 		60 		78.628
v -37.535 		60 		78.613
v -37.506 		60 		78.62
v -37.564 		60 		78.604
v -37.591 		60 		78.593
v -37.617 		60 		78.579
v -37.642 		60 		78.564
v -37.666 		60 		78.546
v -37.688 		60 		78.525
v -37.709 		60 		78.501
v -37.727 		60 		78.474
v -37.744 		60 		78.445
v -37.758 		60 		78.414
v -37.771 		60 		78.38
v -37.781 		60 		78.341
v -38.303 		63.829 		85.523
v -37.79 		60 		78.298
v -37.236 		63.48 		85.523
v -37.797 		60 		78.251
v -37.802 		60 		78.2
v -37.805 		60 		78.145
v -37.806 		60 		78.085
v -38.56 		60 		78.358
v -38.321 		63.819 		85
v -38.573 		60 		78.393
v -38.588 		60 		78.426
v -38.604 		60 		78.457
v -38.622 		60 		78.485
v -37.25 		63.469 		85
v -30.362 		61 		77.936
v -29.028 		61 		78.639
v -29.028 		61 		79.094
v -38.76 		60 		78.594
v -38.787 		60 		78.604
v -38.816 		60 		78.613
v -38.876 		60 		78.628
v -38.845 		60 		78.62
v -30.481 		61 		78.084
v -38.906 		60 		78.634
v -38.938 		60 		78.639
v -30.61 		61 		78.222
v -38.969 		60 		78.642
v -39.001 		60 		78.644
v -39.034 		60 		78.645
v -30.751 		61 		78.35
v -38.641 		60 		78.51
v -30.905 		61 		78.468
v -38.662 		60 		78.533
v -38.685 		60 		78.553
v -28.679 		63.819 		85
v -38.709 		60 		78.568
v -38.734 		60 		78.582
v -38.531 		60 		78.122
v -31.07 		61 		78.575
v -38.532 		60 		78.177
v -38.536 		60 		78.229
v -38.542 		60 		78.276
v -38.55 		60 		78.319
v -31.245 		61 		78.672
v -39.438 		60 		79.094
v -31.43 		61 		78.76
v -39.438 		60 		78.645
v -38.531 		60 		74.832
v -31.626 		61 		78.836
v -37.806 		60 		73
v -38.699 		60 		73
v -43.206 		60 		78.122
v -31.833 		61 		78.903
v -43.207 		60 		78.177
v -43.211 		60 		78.229
v -43.217 		60 		78.276
v -43.225 		60 		78.319
v -32.049 		61 		78.961
v -43.235 		60 		78.358
v -32.275 		61 		79.009
v -41.957 		60 		79.094
v -44.106 		60 		79.094
v -32.509 		61 		79.046
v -43.433 		60 		78.594
v -43.459 		60 		78.604
v -43.486 		60 		78.613
v -32.754 		61 		79.072
v -43.513 		60 		78.62
v -43.544 		60 		78.628
v -43.575 		60 		78.634
v -43.606 		60 		78.639
v -43.637 		60 		78.642
v -43.669 		60 		78.644
v -43.702 		60 		78.645
v -31.986 		61 		77.975
v -32.169 		61 		78.157
v -43.248 		60 		78.393
v -32.379 		61 		78.306
v -43.263 		60 		78.426
v -43.279 		60 		78.457
v -43.297 		60 		78.485
v -43.316 		60 		78.51
v -43.337 		60 		78.533
v -43.36 		60 		78.553
v -43.383 		60 		78.568
v -43.408 		60 		78.582
v -31.625 		64.984 		90.196
v -31.09 		65.159 		90.196
v -43.24 		60 		73
v -43.513 		60 		73.473
v -43.484 		60 		73.481
v -43.455 		60 		73.49
v -43.428 		60 		73.501
v -43.402 		60 		73.514
v -43.377 		60 		73.53
v -43.353 		60 		73.547
v -32.836 		65.649 		90.796
v -43.331 		60 		73.569
v -43.31 		60 		73.593
v -43.292 		60 		73.62
v -32.529 		65.715 		90.796
v -43.275 		60 		73.648
v -43.261 		60 		73.68
v -43.248 		60 		73.713
v -32.623 		65.375 		90.638
v -43.702 		60 		73.455
v -43.669 		60 		73.456
v -43.637 		60 		73.457
v -43.575 		60 		73.463
v -32.217 		65.463 		90.638
v -37.802 		66.5 		89.915
v -37.736 		66.151 		89.915
v -44.106 		60 		73.455
v -44.106 		60 		73
v -45.258 		60 		73.473
v -45.196 		60 		73.463
v -45.164 		60 		73.46
v -45.131 		60 		73.457
v -45.097 		60 		73.456
v -45.062 		60 		73.455
v -44.651 		60 		73
v -44.651 		60 		73.455
v -46.312 		60 		79.094
v -45.289 		60 		78.607
v -45.319 		60 		78.598
v -37.542 		65.813 		89.915
v -43.702 		61 		73.455
v -43.669 		61 		73.456
v -43.637 		61 		73.457
v -43.575 		61 		73.463
v -45.347 		60 		78.586
v -45.373 		60 		78.573
v -45.396 		60 		78.558
v -45.418 		60 		78.54
v -45.441 		60 		78.519
v -45.461 		60 		78.494
v -45.479 		60 		78.468
v -44.106 		61 		73.455
v -45.496 		60 		78.439
v -45.51 		60 		78.408
v -45.523 		60 		78.374
v -44.106 		61 		73
v -44.651 		61 		73.455
v -45.534 		60 		78.335
v -44.651 		61 		73
v -45.542 		60 		78.292
v -38.248 		66.109 		89.596
v -45.549 		60 		78.245
v -45.554 		60 		78.194
v -45.258 		61 		73.473
v -45.196 		61 		73.463
v -45.557 		60 		78.139
v -45.164 		61 		73.46
v -45.131 		61 		73.457
v -45.097 		61 		73.456
v -45.062 		61 		73.455
v -45.558 		60 		78.079
v -38.321 		66.5 		89.596
v -47.135 		60 		78.374
v -47.147 		60 		78.408
v -47.162 		60 		78.439
v -47.178 		60 		78.468
v -47.197 		60 		78.494
v -47.217 		60 		78.519
v -47.239 		60 		78.54
v -47.261 		60 		78.558
v -47.284 		60 		78.573
v -47.309 		60 		78.586
v -47.336 		60 		78.598
v -38.723 		66.07 		89.243
v -38.803 		66.5 		89.243
v -44.651 		61 		79.094
v -44.106 		61 		79.094
v -41.957 		61 		79.094
v -39.438 		61 		79.094
v -36.905 		61 		79.094
v -36.473 		61 		79.094
v -33.27 		61 		79.094
v -22.378 		61 		79.094
v -21.052 		61 		79.094
v -47.093 		60 		78.079
v -37.225 		65.496 		89.915
v -32.616 		61 		78.422
v -32.879 		61 		78.505
v -38.03 		65.731 		89.596
v -37.675 		65.375 		89.596
v -29.863 		61 		76.619
v -29.844 		61 		76.392
v -29.896 		61 		76.837
v -37.193 		65.054 		89.596
v -29.942 		61 		77.045
v -30.002 		61 		77.244
v -38.483 		65.654 		89.243
v -30.074 		61 		77.433
v -30.159 		61 		77.611
v -30.255 		61 		77.778
v -38.093 		65.263 		89.243
v -29.843 		61 		75.924
v -29.837 		61 		76.154
v -37.563 		64.909 		89.243
v -31.48 		61 		75.955
v -31.477 		61 		76.154
v -31.491 		61 		76.545
v -31.533 		61 		76.901
v -31.604 		61 		77.221
v -31.703 		61 		77.507
v -31.831 		61 		77.758
v -19.029 		61 		74.064
v -19.003 		61 		74.006
v -18.977 		61 		73.952
v -18.952 		61 		73.901
v -18.926 		61 		73.853
v -18.901 		61 		73.809
v -18.849 		61 		73.729
v -30.859 		61 		73.745
v -30.709 		61 		73.879
v -30.571 		61 		74.021
v -30.445 		61 		74.173
v -30.331 		61 		74.334
v -30.229 		61 		74.505
v -30.138 		61 		74.686
v -20.578 		61 		74.071
v -20.587 		61 		74.099
v -20.596 		61 		74.125
v -20.605 		61 		74.15
v -38.899 		65.583 		88.857
v -30.06 		61 		74.875
v -20.55 		61 		73.984
v -20.559 		61 		74.014
v -20.568 		61 		74.043
v -29.992 		61 		75.072
v -29.936 		61 		75.274
v -38.476 		65.159 		88.857
v -29.893 		61 		75.484
v -29.862 		61 		75.701
v -20.523 		61 		73.753
v -20.522 		61 		73.781
v -20.523 		61 		73.816
v -20.525 		61 		73.85
v -20.529 		61 		73.884
v -20.534 		61 		73.918
v -20.541 		61 		73.951
v -31.707 		61 		74.752
v -31.655 		61 		74.902
v -31.609 		61 		75.06
v -31.569 		61 		75.225
v -31.536 		61 		75.397
v -31.51 		61 		75.576
v -31.492 		61 		75.762
v -37.901 		64.777 		88.857
v -32.499 		61 		73.771
v -32.383 		61 		73.844
v -32.274 		61 		73.927
v -32.171 		61 		74.019
v -32.075 		61 		74.12
v -31.986 		61 		74.23
v -31.906 		61 		74.349
v -31.833 		61 		74.475
v -31.766 		61 		74.61
v -38.821 		65.066 		88.441
v -39.245 		66.5 		88.857
v -39.158 		66.034 		88.857
v -29.028 		61 		73.455
v -18.646 		61 		73.537
v -18.613 		61 		73.52
v -18.58 		61 		73.504
v -47.094 		60 		78.139
v -18.547 		61 		73.491
v -18.512 		61 		73.48
v -18.477 		61 		73.472
v -18.442 		61 		73.466
v -18.406 		61 		73.461
v -18.37 		61 		73.458
v -18.333 		61 		73.456
v -18.296 		61 		73.455
v -18.114 		61 		73.455
v -47.098 		60 		78.194
v -47.103 		60 		78.245
v -29.028 		61 		73
v -47.112 		60 		78.292
v -39.644 		66.5 		88.441
v -39.55 		66.002 		88.441
v -47.122 		60 		78.335
v -32.994 		61 		73.006
v -32.73 		61 		73.025
v -47.363 		60 		78.607
v -47.424 		60 		78.622
v -47.393 		60 		78.614
v -32.476 		61 		73.057
v -47.456 		60 		78.628
v -47.489 		60 		78.633
v -32.234 		61 		73.101
v -39.273 		65.519 		88.441
v -47.523 		60 		78.636
v -47.559 		60 		78.638
v -32.003 		61 		73.158
v -47.595 		60 		78.639
v -31.784 		61 		73.228
v -45.558 		60 		74.008
v -45.557 		60 		73.949
v -31.576 		61 		73.311
v -45.554 		60 		73.894
v -45.549 		60 		73.842
v -45.542 		60 		73.795
v -31.379 		61 		73.404
v -45.534 		60 		73.752
v -47.122 		60 		73.752
v -31.194 		61 		73.507
v -47.112 		60 		73.795
v -47.103 		60 		73.842
v -31.021 		61 		73.621
v -47.098 		60 		73.894
v -47.094 		60 		73.949
v -47.093 		60 		74.008
v -33.055 		65.929 		90.909
v -45.523 		60 		73.713
v -45.51 		60 		73.68
v -45.496 		60 		73.648
v -45.479 		60 		73.62
v -45.461 		60 		73.593
v -45.441 		60 		73.569
v -45.418 		60 		73.547
v -45.396 		60 		73.53
v -45.373 		60 		73.514
v -45.347 		60 		73.501
v -45.319 		60 		73.49
v -45.289 		60 		73.481
v -38.476 		68.448 		88
v -46.312 		60 		73
v -47.309 		60 		73.501
v -47.336 		60 		73.49
v -47.284 		60 		73.514
v -47.261 		60 		73.53
v -47.239 		60 		73.547
v -47.217 		60 		73.569
v -39.125 		68.016 		88
v -47.197 		60 		73.593
v -47.178 		60 		73.62
v -47.162 		60 		73.648
v -47.147 		60 		73.68
v -47.135 		60 		73.713
v -47.595 		60 		73.455
v -47.523 		60 		73.457
v -47.489 		60 		73.46
v -47.456 		60 		73.463
v -38.707 		68.539 		87.536
v -47.424 		60 		73.468
v -47.393 		60 		73.473
v -47.363 		60 		73.481
v -33.827 		66.236 		90.977
v -7 		76 		66
v -7 		76 		72
v -11 		73 		72
v -11 		61 		72
v -33.724 		66.213 		90.977
v -18.114 		61 		73
v -33.614 		66.2 		90.977
v -21.31 		61 		73
v -22.845 		61 		73
v -33.27 		61 		73
v -36.473 		61 		73
v -37.806 		61 		73
v -38.699 		61 		73
v -33.945 		65.929 		90.909
v -38.899 		68.614 		87.052
v -33.726 		65.901 		90.909
v -39.05 		68.673 		86.553
v -34.154 		66.5 		90.977
v -34.144 		66.447 		90.977
v -34.114 		66.396 		90.977
v -34.066 		66.347 		90.977
v -34.066 		66.653 		90.977
v -34.114 		66.604 		90.977
v -39.603 		67.537 		88
v -34.144 		66.553 		90.977
v -39.897 		67.026 		88
v -39.387 		68.086 		87.536
v -39.887 		67.585 		87.536
v -40.194 		67.051 		87.536
v -11 		73 		80
v -11 		61 		80
v -16 		70 		80
v -16 		70 		85
v -16 		63 		85
v -16 		63 		80
v -39.603 		68.144 		87.052
v -40.123 		67.625 		87.052
v -40.441 		67.071 		87.052
v -28.843 		69.09 		86.553
v -28.752 		69.14 		86.042
v -27.875 		64.984 		88
v -28.697 		69.171 		85.523
v -27.397 		65.463 		88
v -27.103 		65.974 		88
v -28.679 		69.181 		85
v -27.005 		66.5 		88
v -31.686 		68.826 		89.243
v -39.774 		68.19 		86.553
v -32.579 		68.937 		89.243
v -40.308 		67.656 		86.553
v -27.613 		64.914 		87.536
v -27.113 		65.415 		87.536
v -40.634 		67.087 		86.553
v -30.627 		68.822 		88.857
v -31.535 		69.019 		88.857
v -39.158 		68.716 		86.042
v -39.897 		68.223 		86.042
v -32.502 		69.14 		88.857
v -40.441 		67.679 		86.042
v -40.774 		67.099 		86.042
v -27.397 		64.856 		87.052
v -26.877 		65.375 		87.052
v -30.428 		68.983 		88.441
v -31.399 		69.194 		88.441
v -32.433 		69.323 		88.441
v -39.125 		64.984 		88
v -27.226 		64.81 		86.553
v -39.897 		65.974 		88
v -29.325 		68.822 		88
v -39.995 		66.5 		88
v -27.103 		64.777 		86.042
v -40.297 		66.5 		87.536
v -40.194 		65.949 		87.536
v -26.142 		67.105 		85.523
v -26.479 		67.693 		85.523
v -27.03 		68.243 		85.523
v -32.885 		61 		73.608
v -32.75 		61 		73.653
v -32.621 		61 		73.707
v -40.548 		66.5 		87.052
v -40.441 		65.929 		87.052
v -33.007 		61 		79.088
v -27.777 		68.741 		85.523
v -33.169 		61 		78.554
v -33.486 		61 		78.571
v -34.038 		61 		78.571
v -26.114 		67.108 		85
v -35.787 		61 		78.593
v -35.815 		61 		78.604
v -35.843 		61 		78.613
v -35.873 		61 		78.62
v -35.903 		61 		78.626
v -35.967 		61 		78.634
v -36 		61 		78.637
v -36.068 		61 		78.639
v -26.452 		67.697 		85
v -27.005 		68.25 		85
v -27.755 		68.75 		85
v -27.03 		64.757 		85.523
v -26.479 		65.307 		85.523
v -39.603 		65.463 		88
v -35.595 		61 		78.356
v -35.608 		61 		78.393
v -35.62 		61 		78.424
v -35.635 		61 		78.454
v -35.651 		61 		78.48
v -35.67 		61 		78.505
v -35.69 		61 		78.527
v -35.712 		61 		78.546
v -35.736 		61 		78.564
v -35.761 		61 		78.579
v -26.142 		65.895 		85.523
v -39.887 		65.415 		87.536
v -39.387 		64.914 		87.536
v -34.783 		66.394 		90.909
v -34.802 		66.5 		90.909
v -34.724 		66.292 		90.909
v -40.123 		65.375 		87.052
v -34.724 		66.708 		90.909
v -45.289 		61 		78.607
v -45.319 		61 		78.598
v -45.347 		61 		78.586
v -45.373 		61 		78.573
v -45.396 		61 		78.558
v -45.418 		61 		78.54
v -45.441 		61 		78.519
v -45.461 		61 		78.494
v -45.479 		61 		78.468
v -45.496 		61 		78.439
v -45.51 		61 		78.408
v -45.523 		61 		78.374
v -18.822 		61 		73.693
v -18.795 		61 		73.659
v -18.766 		61 		73.629
v -18.737 		61 		73.602
v -18.708 		61 		73.578
v -18.677 		61 		73.556
v -32.95 		65.043 		90.438
v -32.416 		65.11 		90.438
v -20.694 		61 		73.506
v -20.674 		61 		73.517
v -20.654 		61 		73.529
v -20.634 		61 		73.542
v -20.616 		61 		73.557
v -20.599 		61 		73.573
v -20.583 		61 		73.592
v -20.569 		61 		73.612
v -20.557 		61 		73.633
v -20.546 		61 		73.655
v -20.537 		61 		73.677
v -20.53 		61 		73.701
v -20.526 		61 		73.726
v -26.029 		66.5 		85.523
v -45.534 		61 		78.335
v -45.542 		61 		78.292
v -45.549 		61 		78.245
v -45.554 		61 		78.194
v -45.557 		61 		78.139
v -45.558 		61 		78.079
v -27.005 		64.75 		85
v -26.452 		65.303 		85
v -26.114 		65.892 		85
v -47.135 		61 		78.374
v -47.147 		61 		78.408
v -47.162 		61 		78.439
v -47.178 		61 		78.468
v -47.197 		61 		78.494
v -47.217 		61 		78.519
v -47.239 		61 		78.54
v -47.261 		61 		78.558
v -47.284 		61 		78.573
v -47.309 		61 		78.586
v -26 		66.5 		85
v -47.336 		61 		78.598
v -28.794 		64.657 		88.441
v -47.093 		61 		78.079
v -47.094 		61 		78.139
v -47.098 		61 		78.194
v -47.103 		61 		78.245
v -47.112 		61 		78.292
v -47.122 		61 		78.335
v -28.524 		64.552 		88
v -28.293 		64.461 		87.536
v -47.393 		61 		78.614
v -47.424 		61 		78.622
v -47.456 		61 		78.628
v -47.489 		61 		78.633
v -47.523 		61 		78.636
v -47.559 		61 		78.638
v -47.595 		61 		78.639
v -47.363 		61 		78.607
v -28.101 		64.386 		87.052
v -22.043 		61 		78.152
v -22.086 		61 		78.113
v -27.95 		64.327 		86.553
v -22.028 		61 		78.102
v -22.071 		61 		78.158
v -22.057 		61 		78.202
v -27.842 		64.284 		86.042
v -21.998 		61 		77.997
v -22.013 		61 		78.05
v -22.173 		61 		77.868
v -27.777 		64.259 		85.523
v -21.95 		61 		77.833
v -21.982 		61 		77.943
v -27.755 		64.25 		85
v -22.136 		61 		77.97
v -22.155 		61 		77.919
v -30.522 		67.006 		90.438
v -22.102 		61 		78.067
v -22.119 		61 		78.019
v -30.755 		67.24 		90.438
v -29.807 		66.804 		90.196
v -29.976 		67.099 		90.196
v -30.252 		67.375 		90.196
v -45.558 		61 		74.008
v -45.557 		61 		73.949
v -45.554 		61 		73.894
v -45.549 		61 		73.842
v -45.542 		61 		73.795
v -45.534 		61 		73.752
v -30.627 		67.625 		90.196
v -47.122 		61 		73.752
v -47.112 		61 		73.795
v -47.103 		61 		73.842
v -47.098 		61 		73.894
v -47.094 		61 		73.949
v -47.093 		61 		74.008
v -45.523 		61 		73.713
v -45.51 		61 		73.68
v -45.496 		61 		73.648
v -45.479 		61 		73.62
v -45.461 		61 		73.593
v -45.441 		61 		73.569
v -45.418 		61 		73.547
v -45.396 		61 		73.53
v -45.373 		61 		73.514
v -45.347 		61 		73.501
v -45.319 		61 		73.49
v -45.289 		61 		73.481
v -32.416 		67.89 		90.438
v -32.95 		67.957 		90.438
v -31.09 		67.841 		90.196
v -31.625 		68.016 		90.196
v -21.703 		61 		77.074
v -21.72 		61 		77.125
v -21.669 		61 		76.973
v -47.336 		61 		73.49
v -47.309 		61 		73.501
v -47.284 		61 		73.514
v -47.261 		61 		73.53
v -47.239 		61 		73.547
v -47.217 		61 		73.569
v -47.197 		61 		73.593
v -47.178 		61 		73.62
v -47.162 		61 		73.648
v -47.147 		61 		73.68
v -47.135 		61 		73.713
v -21.652 		61 		76.923
v -32.217 		68.144 		90.196
v -21.685 		61 		77.023
v -32.849 		68.223 		90.196
v -22.212 		61 		77.764
v -22.232 		61 		77.712
v -21.916 		61 		77.722
v -21.933 		61 		77.778
v -47.595 		61 		73.455
v -47.523 		61 		73.457
v -47.489 		61 		73.46
v -47.456 		61 		73.463
v -47.424 		61 		73.468
v -47.393 		61 		73.473
v -47.363 		61 		73.481
v -21.845 		61 		77.501
v -21.88 		61 		77.612
v -21.828 		61 		77.446
v -21.811 		61 		77.392
v -21.861 		61 		77.556
v -31.851 		67.417 		90.638
v -22.193 		61 		77.816
v -22.383 		61 		77.333
v -31.072 		67.451 		90.438
v -22.36 		61 		77.387
v -22.338 		61 		77.441
v -31.463 		67.633 		90.438
v -22.294 		61 		77.55
v -22.316 		61 		77.496
v -31.915 		67.781 		90.438
v -22.252 		61 		77.659
v -22.273 		61 		77.606
v -21.775 		61 		77.284
v -22.524 		61 		76.966
v -43.003 		77 		0
v -43.003 		72.002 		0
v -22.997 		72.002 		0
v -22.997 		77 		0
v -43.003 		61.997 		0
v -43.003 		57 		0
v -22.997 		57 		0
v -22.997 		61.997 		0
v -32.849 		64.777 		90.196
v -43.003 		57 		40.003
v -43.0028 		57 		40.003
v -42.954 		57 		40.978
v -42.81 		57 		41.949
v -42.572 		57 		42.902
v -34.783 		66.606 		90.909
v -42.241 		57 		43.826
v -41.821 		57 		44.714
v -41.317 		57 		45.556
v -32.217 		64.856 		90.196
v -40.732 		57 		46.345
v -40.073 		57 		47.072
v -39.346 		57 		47.731
v -38.557 		57 		48.316
v -37.715 		57 		48.821
v -36.828 		57 		49.241
v -35.904 		57 		49.572
v -34.951 		57 		49.81
v -33.98 		57 		49.954
v -33 		57 		50.003
v -28.285 		57 		48.821
v -27.443 		57 		48.316
v -26.654 		57 		47.731
v -25.927 		57 		47.072
v -25.268 		57 		46.345
v -24.683 		57 		45.556
v -24.179 		57 		44.714
v -23.759 		57 		43.826
v -23.428 		57 		42.902
v -23.19 		57 		41.949
v -23.046 		57 		40.978
v -22.9972 		57 		40.003
v -22.997 		57 		40.003
v -32.02 		57 		49.954
v -31.049 		57 		49.81
v -30.205 		67.79 		89.915
v -30.096 		57 		49.572
v -29.172 		57 		49.241
v -30.735 		68.038 		89.915
v -42.954 		77 		40.978
v -43.0028 		77 		40.003
v -43.003 		77 		40.003
v -42.81 		77 		41.949
v -29.807 		67.946 		89.596
v -42.572 		77 		42.902
v -42.241 		77 		43.826
v -41.821 		77 		44.714
v -41.317 		77 		45.556
v -40.732 		77 		46.345
v -40.073 		77 		47.072
v -39.346 		77 		47.731
v -38.557 		77 		48.316
v -37.715 		77 		48.821
v -30.401 		68.223 		89.596
v -36.828 		77 		49.241
v -34.628 		66.196 		90.909
v -35.904 		77 		49.572
v -34.951 		77 		49.81
v -33.98 		77 		49.954
v -33 		77 		50.003
v -28.285 		77 		48.821
v -27.443 		77 		48.316
v -34.498 		66.109 		90.909
v -26.654 		77 		47.731
v -25.927 		77 		47.072
v -25.268 		77 		46.345
v -24.683 		77 		45.556
v -24.179 		77 		44.714
v -23.759 		77 		43.826
v -23.428 		77 		42.902
v -23.19 		77 		41.949
v -34.337 		66.034 		90.909
v -23.046 		77 		40.978
v -22.997 		77 		40.003
v -22.9972 		77 		40.003
v -32.02 		77 		49.954
v -31.049 		77 		49.81
v -30.096 		77 		49.572
v -29.172 		77 		49.241
v -29.437 		68.091 		89.243
v -34.151 		65.974 		90.909
v -30.091 		68.396 		89.243
v -22.997 		61.997 		30.403
v -22.997 		61.9972 		30.403
v -22.997 		72.0018 		30.403
v -22.997 		72.002 		30.403
v -30.848 		68.643 		89.243
v -34.987 		65.918 		90.796
v -22.997 		62.213 		32.605
v -22.997 		62.094 		31.881
v -22.997 		62.022 		31.143
v -34.748 		65.806 		90.796
v -22.997 		64.642 		37.105
v -22.997 		64.221 		36.721
v -22.997 		63.826 		36.276
v -22.997 		63.463 		35.775
v -22.997 		63.133 		35.222
v -22.997 		62.841 		34.623
v -22.997 		62.588 		33.982
v -22.997 		62.378 		33.308
v -29.264 		66.849 		89.915
v -22.997 		68.452 		37.675
v -22.997 		67.976 		37.856
v -33.837 		65.608 		90.796
v -22.997 		67.49 		37.966
v -29.458 		67.187 		89.915
v -22.997 		67 		38.003
v -22.997 		66.51 		37.966
v -33.5 		65.594 		90.796
v -22.997 		66.024 		37.856
v -22.997 		65.548 		37.675
v -22.997 		65.086 		37.424
v -29.775 		67.504 		89.915
v -33.163 		65.608 		90.796
v -22.997 		71.978 		31.143
v -22.997 		71.906 		31.881
v -22.997 		71.787 		32.605
v -22.997 		71.622 		33.308
v -22.997 		71.412 		33.982
v -22.997 		71.159 		34.623
v -22.997 		70.867 		35.222
v -33.945 		65.321 		90.638
v -22.997 		70.537 		35.775
v -22.997 		70.174 		36.276
v -22.997 		69.779 		36.721
v -22.997 		69.358 		37.105
v -22.997 		68.914 		37.424
v -33.5 		65.303 		90.638
v -28.97 		67.269 		89.596
v -29.325 		67.625 		89.596
v -33.055 		65.321 		90.638
v -28.907 		67.737 		89.243
v -33.5 		65.021 		90.438
v -39.603 		64.856 		87.052
v -29.099 		68.223 		88.857
v -33.5 		64.75 		90.196
v -40.744 		66.5 		86.553
v -40.634 		65.913 		86.553
v -29.807 		68.554 		88.857
v -40.308 		65.344 		86.553
v -39.774 		64.81 		86.553
v -29.551 		68.696 		88.441
v -34.471 		65.715 		90.796
v -31.349 		68.239 		89.915
v -34.164 		65.649 		90.796
v -40.774 		65.901 		86.042
v -40.886 		66.5 		86.042
v -40.441 		65.321 		86.042
v -32.029 		68.386 		89.915
v -39.897 		64.777 		86.042
v -34.783 		65.463 		90.638
v -32.753 		68.477 		89.915
v -34.377 		65.375 		90.638
v -31.09 		68.448 		89.596
v -31.851 		68.614 		89.596
v -32.663 		68.716 		89.596
v -34.584 		65.11 		90.438
v -34.05 		65.043 		90.438
v -34.783 		64.856 		90.196
v -34.151 		64.777 		90.196
v -39.223 		68.741 		85.523
v -39.97 		68.243 		85.523
v -40.521 		67.693 		85.523
v -40.858 		67.105 		85.523
v -29.458 		65.813 		89.915
v -29.264 		66.151 		89.915
v -29.198 		66.5 		89.915
v -35.441 		66.5 		90.796
v -35.412 		66.343 		90.796
v -39.245 		68.75 		85
v -39.995 		68.25 		85
v -40.548 		67.697 		85
v -35.412 		66.657 		90.796
v -40.886 		67.108 		85
v -40.858 		65.895 		85.523
v -36.065 		66.5 		90.638
v -36.026 		66.292 		90.638
v -40.971 		66.5 		85.523
v -40.521 		65.307 		85.523
v -29.775 		65.496 		89.915
v -39.97 		64.757 		85.523
v -35.566 		61 		78.116
v -35.567 		61 		78.171
v -35.57 		61 		78.223
v -35.576 		61 		78.271
v -35.584 		61 		78.315
v -29.807 		65.054 		89.596
v -36.473 		61 		78.639
v -36.905 		61 		78.645
v -29.325 		65.375 		89.596
v -41 		66.5 		85
v -40.886 		65.892 		85
v -40.548 		65.303 		85
v -39.995 		64.75 		85
v -31.676 		66.81 		90.796
v -37.193 		64.446 		88.857
v -31.819 		66.953 		90.796
v -38.206 		64.657 		88.441
v -31.09 		66.909 		90.638
v -31.279 		67.099 		90.638
v -37.449 		64.304 		88.441
v -31.535 		67.269 		90.638
v -38.476 		64.552 		88
v -37.675 		64.178 		88
v -38.707 		64.461 		87.536
v -37.869 		64.07 		87.536
v -32.529 		67.285 		90.796
v -32.836 		67.351 		90.796
v -35.595 		61 		73.752
v -35.584 		61 		73.795
v -35.576 		61 		73.841
v -38.899 		64.386 		87.052
v -35.57 		61 		73.891
v -35.567 		61 		73.945
v -35.566 		61 		74.002
v -32.217 		67.537 		90.638
v -32.623 		67.625 		90.638
v -34.038 		61 		73.529
v -33.493 		61 		73.529
v -33.331 		61 		73.534
v -33.176 		61 		73.549
v -33.028 		61 		73.573
v -39.05 		64.327 		86.553
v -35.836 		61 		73.475
v -35.808 		61 		73.484
v -35.782 		61 		73.497
v -35.757 		61 		73.511
v -35.734 		61 		73.528
v -35.712 		61 		73.547
v -35.69 		61 		73.567
v -35.67 		61 		73.59
v -35.651 		61 		73.616
v -35.635 		61 		73.646
v -35.62 		61 		73.678
v -35.608 		61 		73.713
v -32.372 		66.804 		90.909
v -32.502 		66.891 		90.909
v -32.663 		66.966 		90.909
v -28.97 		65.731 		89.596
v -36.031 		61 		73.449
v -35.996 		61 		73.451
v -35.962 		61 		73.453
v -35.929 		61 		73.457
v -35.897 		61 		73.462
v -35.866 		61 		73.467
v -29.437 		64.909 		89.243
v -28.907 		65.263 		89.243
v -36.026 		66.708 		90.638
v -30.735 		64.962 		89.915
v -30.205 		65.21 		89.915
v -35.324 		66.19 		90.796
v -35.181 		66.047 		90.796
v -35.91 		66.091 		90.638
v -30.401 		64.777 		89.596
v -35.721 		65.901 		90.638
v -29.099 		64.777 		88.857
v -36.67 		66.5 		90.438
v -36.621 		66.243 		90.438
v -31.349 		64.761 		89.915
v -36.478 		65.994 		90.438
v -36.245 		65.76 		90.438
v -36.473 		61 		73.449
v -43.003 		61.9972 		30.403
v -43.003 		61.997 		30.403
v -43.003 		72.002 		30.403
v -43.003 		72.0018 		30.403
v -30.848 		64.357 		89.243
v -30.091 		64.604 		89.243
v -30.627 		64.178 		88.857
v -29.807 		64.446 		88.857
v -30.428 		64.017 		88.441
v -29.551 		64.304 		88.441
v -37.317 		61 		78.645
v -37.349 		61 		78.644
v -37.381 		61 		78.642
v -37.413 		61 		78.639
v -37.444 		61 		78.634
v -37.506 		61 		78.62
v -37.535 		61 		78.613
v -37.564 		61 		78.604
v -37.591 		61 		78.593
v -32.753 		64.523 		89.915
v -32.849 		67.026 		90.909
v -37.475 		61 		78.628
v -32.013 		67.082 		90.796
v -32.252 		67.194 		90.796
v -37.617 		61 		78.579
v -37.642 		61 		78.564
v -37.666 		61 		78.546
v -37.688 		61 		78.525
v -37.709 		61 		78.501
v -37.727 		61 		78.474
v -37.744 		61 		78.445
v -37.758 		61 		78.414
v -37.771 		61 		78.38
v -37.781 		61 		78.341
v -32.029 		64.614 		89.915
v -32.663 		64.284 		89.596
v -31.851 		64.386 		89.596
v -37.79 		61 		78.298
v -37.797 		61 		78.251
v -37.802 		61 		78.2
v -37.805 		61 		78.145
v -37.806 		61 		78.085
v -31.09 		64.552 		89.596
v -38.56 		61 		78.358
v -38.573 		61 		78.393
v -38.588 		61 		78.426
v -38.604 		61 		78.457
v -38.622 		61 		78.485
v -43.003 		62.213 		32.605
v -32.579 		64.063 		89.243
v -43.003 		62.094 		31.881
v -43.003 		62.022 		31.143
v -31.686 		64.174 		89.243
v -43.003 		64.642 		37.105
v -38.76 		61 		78.594
v -38.787 		61 		78.604
v -43.003 		64.221 		36.721
v -38.845 		61 		78.62
v -38.876 		61 		78.628
v -38.906 		61 		78.634
v -38.938 		61 		78.639
v -38.969 		61 		78.642
v -39.001 		61 		78.644
v -39.034 		61 		78.645
v -39.158 		64.284 		86.042
v -38.816 		61 		78.613
v -39.223 		64.259 		85.523
v -39.245 		64.25 		85
v -38.641 		61 		78.51
v -38.662 		61 		78.533
v -38.685 		61 		78.553
v -38.709 		61 		78.568
v -38.734 		61 		78.582
v -29.325 		64.178 		88
v -38.531 		61 		78.122
v -38.532 		61 		78.177
v -38.536 		61 		78.229
v -38.542 		61 		78.276
v -38.55 		61 		78.319
v -29.131 		64.07 		87.536
v -29.807 		66.196 		90.196
v -29.75 		66.5 		90.196
v -21.757 		61 		77.231
v -21.738 		61 		77.178
v -36.621 		66.757 		90.438
v -22.486 		61 		77.067
v -22.506 		61 		77.016
v -22.426 		61 		77.225
v -22.447 		61 		77.171
v -22.467 		61 		77.118
v -43.003 		63.826 		36.276
v -37.024 		65.901 		90.196
v -43.003 		63.463 		35.775
v -43.003 		63.133 		35.222
v -43.003 		62.841 		34.623
v -43.003 		62.588 		33.982
v -43.003 		62.378 		33.308
v -43.003 		68.452 		37.675
v -30.935 		66.5 		90.638
v -43.003 		67.976 		37.856
v -43.003 		67.49 		37.966
v -43.003 		67 		38.003
v -30.755 		65.76 		90.438
v -43.003 		66.51 		37.966
v -43.003 		66.024 		37.856
v -30.522 		65.994 		90.438
v -43.003 		65.548 		37.675
v -35.465 		65.731 		90.638
v -43.003 		65.086 		37.424
v -43.003 		71.978 		31.143
v -35.149 		65.583 		90.638
v -43.003 		71.906 		31.881
v -43.003 		71.787 		32.605
v -43.003 		71.622 		33.308
v -43.003 		71.412 		33.982
v -35.928 		65.549 		90.438
v -33.5 		68.975 		89.243
v -43.003 		71.159 		34.623
v -43.003 		70.867 		35.222
v -43.003 		70.537 		35.775
v -34.421 		68.937 		89.243
v -43.003 		70.174 		36.276
v -35.537 		65.367 		90.438
v -43.003 		69.779 		36.721
v -43.003 		69.358 		37.105
v -43.003 		68.914 		37.424
v -35.085 		65.219 		90.438
v -33.5 		69.181 		88.857
v -34.498 		69.14 		88.857
v -36.748 		65.625 		90.196
v -36.373 		65.375 		90.196
v -33.5 		69.367 		88.441
v -35.91 		65.159 		90.196
v -34.567 		69.323 		88.441
v -35.314 		68.826 		89.243
v -35.465 		69.019 		88.857
v -36.373 		68.822 		88.857
v -35.601 		69.194 		88.441
v -36.572 		68.983 		88.441
v -35.375 		64.984 		90.196
v -33.5 		69.531 		88
v -34.628 		69.485 		88
v -33.5 		69.672 		87.536
v -34.68 		69.624 		87.536
v -33.5 		69.789 		87.052
v -22.406 		61 		77.28
v -34.724 		69.739 		87.052
v -33.5 		69.881 		86.553
v -34.758 		69.829 		86.553
v -33.5 		69.947 		86.042
v -34.783 		69.894 		86.042
v -35.721 		69.348 		88
v -36.748 		69.125 		88
v -35.825 		69.481 		87.536
v -36.899 		69.247 		87.536
v -33.5 		70 		85
v -35.91 		69.591 		87.052
v -34.802 		69.947 		85
v -36.065 		69.789 		85
v -39.438 		61 		78.645
v -37.024 		69.348 		87.052
v -38.531 		61 		74.832
v -37.25 		69.531 		85
v -38.321 		69.181 		85
v -35.978 		69.677 		86.553
v -43.206 		61 		78.122
v -43.207 		61 		78.177
v -43.211 		61 		78.229
v -43.217 		61 		78.276
v -43.225 		61 		78.319
v -43.235 		61 		78.358
v -36.026 		69.739 		86.042
v -43.433 		61 		78.594
v -43.459 		61 		78.604
v -43.486 		61 		78.613
v -43.513 		61 		78.62
v -43.544 		61 		78.628
v -43.575 		61 		78.634
v -43.606 		61 		78.639
v -43.637 		61 		78.642
v -43.669 		61 		78.644
v -43.702 		61 		78.645
v -33.5 		69.987 		85.523
v -34.797 		69.934 		85.523
v -33.5 		68.508 		89.915
v -30.379 		66.243 		90.438
v -34.247 		68.477 		89.915
v -30.33 		66.5 		90.438
v -34.971 		68.386 		89.915
v -30.379 		66.757 		90.438
v -28.843 		63.91 		86.553
v -28.752 		63.86 		86.042
v -20.947 		61 		75.005
v -29.976 		65.901 		90.196
v -21.136 		61 		75.527
v -28.697 		63.829 		85.523
v -23.299 		61 		75.005
v -23.097 		61 		75.527
v -23.578 		61 		74.267
v -23.592 		61 		74.231
v -23.605 		61 		74.194
v -23.655 		61 		74.027
v -23.668 		61 		73.981
v -23.678 		61 		73.937
v -23.686 		61 		73.895
v -23.692 		61 		73.855
v -23.695 		61 		73.817
v -23.697 		61 		73.781
v -23.696 		61 		73.753
v -32.502 		63.86 		88.857
v -31.535 		63.981 		88.857
v -23.631 		61 		74.114
v -23.643 		61 		74.071
v -32.433 		63.677 		88.441
v -30.627 		65.375 		90.196
v -31.399 		63.806 		88.441
v -30.252 		65.625 		90.196
v -24.646 		61 		73.762
v -24.618 		61 		73.803
v -24.59 		61 		73.849
v -24.562 		61 		73.898
v -24.534 		61 		73.951
v -24.506 		61 		74.008
v -24.478 		61 		74.07
v -31.559 		66.5 		90.796
v -30.252 		63.875 		88
v -30.101 		63.753 		87.536
v -29.976 		63.652 		87.052
v -28.97 		63.981 		87.052
v -21.31 		61 		73.455
v -20.91 		61 		73.456
v -20.862 		61 		73.46
v -20.837 		61 		73.463
v -20.787 		61 		73.473
v -20.762 		61 		73.48
v -20.738 		61 		73.488
v -20.715 		61 		73.497
v -20.933 		61 		73.455
v -20.886 		61 		73.457
v -22.845 		61 		73.455
v -23.257 		61 		73.455
v -23.517 		61 		73.509
v -23.494 		61 		73.498
v -23.47 		61 		73.489
v -23.445 		61 		73.48
v -23.418 		61 		73.473
v -23.693 		61 		73.726
v -23.688 		61 		73.701
v -23.681 		61 		73.677
v -23.672 		61 		73.655
v -23.662 		61 		73.633
v -23.647 		61 		73.614
v -23.631 		61 		73.595
v -23.615 		61 		73.578
v -23.557 		61 		73.535
v -23.538 		61 		73.521
v -33.5 		68.75 		89.596
v -34.337 		68.716 		89.596
v -23.597 		61 		73.562
v -23.577 		61 		73.548
v -36.055 		69.776 		85.523
v -35.651 		68.239 		89.915
v -36.265 		68.038 		89.915
v -33.5 		67.979 		90.438
v -36.795 		67.79 		89.915
v -34.05 		67.957 		90.438
v -23.366 		61 		73.463
v -23.312 		61 		73.457
v -34.584 		67.89 		90.438
v -35.149 		68.614 		89.596
v -35.91 		68.448 		89.596
v -33.5 		68.25 		90.196
v -34.151 		68.223 		90.196
v -36.599 		68.223 		89.596
v -34.783 		68.144 		90.196
v -36.152 		68.643 		89.243
v -36.909 		68.396 		89.243
v -33.163 		67.392 		90.796
v -33.5 		67.406 		90.796
v -33.837 		67.392 		90.796
v -33.055 		67.679 		90.638
v -33.5 		67.697 		90.638
v -33.945 		67.679 		90.638
v -43.248 		61 		78.393
v -43.263 		61 		78.426
v -43.279 		61 		78.457
v -43.297 		61 		78.485
v -43.316 		61 		78.51
v -43.337 		61 		78.533
v -43.36 		61 		78.553
v -43.383 		61 		78.568
v -43.408 		61 		78.582
v -33.173 		66.764 		90.977
v -36.795 		65.21 		89.915
v -33.276 		66.787 		90.977
v -33.386 		66.8 		90.977
v -36.265 		64.962 		89.915
v -33.5 		66.805 		90.977
v -35.651 		64.761 		89.915
v -44.106 		61 		78.645
v -33.055 		67.071 		90.909
v -44.651 		61 		78.639
v -45.062 		61 		78.639
v -45.097 		61 		78.638
v -45.131 		61 		78.636
v -45.164 		61 		78.633
v -45.196 		61 		78.628
v -45.258 		61 		78.614
v -33.274 		67.099 		90.909
v -33.5 		67.108 		90.909
v -36.599 		64.777 		89.596
v -45.227 		61 		78.622
v -33.614 		66.8 		90.977
v -33.724 		66.787 		90.977
v -33.827 		66.764 		90.977
v -33.726 		67.099 		90.909
v -34.971 		64.614 		89.915
v -34.247 		64.523 		89.915
v -33.945 		67.071 		90.909
v -33.5 		64.492 		89.915
v -34.337 		64.284 		89.596
v -33.5 		64.25 		89.596
v -34.164 		67.351 		90.796
v -34.471 		67.285 		90.796
v -34.377 		67.625 		90.638
v -34.421 		64.063 		89.243
v -34.783 		67.537 		90.638
v -33.5 		64.025 		89.243
v -34.498 		66.891 		90.909
v -35.91 		64.552 		89.596
v -35.149 		64.386 		89.596
v -36.909 		64.604 		89.243
v -36.152 		64.357 		89.243
v -35.314 		64.174 		89.243
v -36.373 		64.178 		88.857
v -36.572 		64.017 		88.441
v -37.675 		68.822 		88
v -37.869 		68.93 		87.536
v -38.03 		69.019 		87.052
v -37.122 		69.428 		86.553
v -38.157 		69.09 		86.553
v -37.193 		69.485 		86.042
v -38.248 		69.14 		86.042
v -37.236 		69.52 		85.523
v -38.303 		69.171 		85.523
# 2263 vertices

g group_0_14789940

usemtl color_14789940
s 0

f 1 	2 	3
f 1 	3 	4
f 6 	1 	5
f 4 	5 	1
f 3 	2 	8
f 7 	8 	2
f 9 	6 	5
f 9 	5 	10
f 14 	11 	7
f 15 	14 	7
f 17 	15 	18
f 20 	7 	23
f 26 	30 	2223
f 25 	23 	7
f 2223 	30 	36
f 11 	34 	7
f 32 	7 	34
f 37 	8 	40
f 33 	39 	35
f 40 	8 	41
f 33 	44 	39
f 47 	7 	48
f 49 	7 	19
f 20 	19 	7
f 49 	48 	7
f 52 	50 	51
f 57 	56 	8
f 54 	8 	56
f 58 	57 	8
f 12 	62 	13
f 60 	58 	8
f 61 	60 	8
f 53 	62 	12
f 59 	55 	1855
f 63 	61 	8
f 64 	63 	8
f 66 	65 	8
f 65 	64 	8
f 67 	66 	8
f 55 	1564 	1855
f 31 	27 	7
f 27 	25 	7
f 7 	47 	45
f 7 	45 	42
f 41 	8 	42
f 37 	67 	8
f 7 	42 	8
f 8 	54 	50
f 68 	69 	52
f 50 	52 	8
f 8 	52 	69
f 1394 	70 	53
f 72 	18 	71
f 7 	71 	18
f 18 	15 	7
f 32 	31 	7
f 73 	74 	75
f 73 	75 	76
f 73 	76 	77
f 73 	77 	78
f 74 	79 	75
f 79 	80 	75
f 81 	78 	77
f 81 	77 	82
f 53 	70 	62
f 84 	80 	83
f 80 	84 	85
f 86 	87 	85
f 128 	80 	87
f 95 	80 	94
f 90 	80 	89
f 97 	80 	95
f 94 	80 	93
f 98 	80 	97
f 83 	80 	98
f 101 	79 	100
f 102 	79 	101
f 33 	260 	44
f 88 	80 	107
f 107 	80 	106
f 106 	80 	105
f 108 	109 	110
f 92 	103 	113
f 115 	79 	114
f 117 	79 	115
f 118 	79 	117
f 119 	79 	118
f 112 	114 	79
f 92 	113 	96
f 121 	79 	119
f 122 	79 	121
f 116 	120 	240
f 123 	79 	122
f 124 	79 	123
f 99 	79 	124
f 100 	79 	99
f 104 	80 	102
f 105 	80 	104
f 89 	80 	88
f 79 	102 	80
f 93 	80 	90
f 126 	110 	125
f 79 	125 	110
f 79 	110 	109
f 112 	79 	111
f 109 	111 	79
f 85 	87 	80
f 127 	128 	87
f 129 	130 	131
f 129 	131 	132
f 133 	134 	135
f 133 	135 	136
f 103 	2024 	113
f 137 	138 	139
f 137 	139 	140
f 103 	2021 	2024
f 139 	138 	136
f 133 	136 	138
f 142 	144 	135
f 136 	135 	144
f 144 	1622 	136
f 1579 	1580 	136
f 136 	1583 	145
f 136 	145 	146
f 135 	134 	132
f 129 	132 	134
f 135 	132 	155
f 155 	132 	131
f 81 	82 	131
f 81 	131 	130
f 145 	150 	146
f 145 	151 	150
f 152 	70 	1394
f 142 	154 	144
f 153 	144 	154
f 155 	131 	156
f 1395 	237 	152
f 156 	131 	9
f 82 	9 	131
f 6 	9 	77
f 82 	77 	9
f 149 	1116 	147
f 237 	242 	152
f 195 	1116 	149
f 375 	374 	159
f 182 	181 	159
f 181 	180 	159
f 180 	179 	159
f 179 	178 	159
f 178 	177 	159
f 177 	176 	159
f 170 	160 	24
f 24 	13 	170
f 167 	164 	212
f 170 	174 	160
f 227 	212 	164
f 228 	227 	164
f 190 	174 	170
f 163 	162 	228
f 164 	163 	228
f 160 	174 	166
f 162 	161 	229
f 171 	169 	159
f 169 	229 	161
f 318 	320 	165
f 184 	183 	159
f 182 	159 	183
f 170 	13 	185
f 13 	62 	185
f 185 	190 	170
f 187 	212 	188
f 188 	212 	189
f 189 	212 	192
f 192 	212 	193
f 185 	214 	190
f 194 	193 	202
f 196 	194 	202
f 197 	196 	202
f 198 	197 	202
f 199 	198 	202
f 200 	199 	202
f 201 	200 	202
f 176 	175 	159
f 185 	210 	214
f 173 	172 	159
f 175 	173 	159
f 206 	205 	212
f 208 	207 	212
f 207 	206 	212
f 70 	210 	62
f 203 	211 	186
f 209 	212 	187
f 202 	193 	212
f 208 	212 	209
f 185 	62 	210
f 210 	225 	214
f 221 	225 	210
f 186 	211 	191
f 215 	213 	212
f 216 	215 	212
f 217 	216 	212
f 191 	218 	195
f 152 	221 	70
f 221 	210 	70
f 211 	218 	191
f 224 	223 	212
f 226 	224 	212
f 223 	222 	212
f 205 	204 	212
f 227 	226 	212
f 172 	171 	159
f 161 	159 	169
f 229 	228 	162
f 168 	167 	212
f 204 	168 	212
f 152 	242 	221
f 221 	245 	225
f 230 	231 	236
f 158 	165 	232
f 230 	234 	233
f 230 	233 	326
f 232 	203 	158
f 203 	235 	211
f 234 	230 	236
f 232 	235 	203
f 241 	218 	211
f 237 	253 	242
f 2245 	240 	243
f 252 	253 	237
f 235 	241 	211
f 141 	244 	260
f 241 	1176 	218
f 243 	244 	141
f 242 	245 	221
f 240 	120 	243
f 250 	251 	779
f 778 	779 	251
f 248 	247 	302
f 237 	1397 	252
f 302 	249 	248
f 250 	249 	304
f 304 	251 	250
f 251 	305 	400
f 253 	254 	242
f 242 	254 	245
f 33 	141 	260
f 44 	262 	257
f 260 	262 	44
f 262 	264 	257
f 263 	265 	261
f 257 	264 	259
f 265 	1785 	261
f 263 	268 	265
f 260 	244 	267
f 266 	263 	317
f 260 	267 	262
f 283 	284 	2166
f 262 	269 	264
f 2166 	284 	285
f 266 	268 	263
f 267 	269 	262
f 268 	270 	265
f 289 	2171 	2170
f 268 	276 	270
f 265 	270 	1788
f 120 	271 	243
f 243 	271 	244
f 275 	2160 	2174
f 2185 	282 	296
f 271 	274 	244
f 266 	273 	268
f 298 	2185 	296
f 271 	186 	274
f 246 	298 	300
f 300 	258 	246
f 266 	272 	273
f 244 	274 	267
f 273 	276 	268
f 165 	320 	232
f 267 	278 	269
f 278 	267 	274
f 278 	149 	269
f 186 	278 	274
f 278 	195 	149
f 276 	279 	270
f 149 	2003 	269
f 191 	195 	278
f 287 	288 	2170
f 2170 	288 	289
f 291 	292 	2174
f 2174 	292 	275
f 247 	790 	301
f 247 	301 	302
f 302 	303 	249
f 249 	303 	304
f 304 	305 	251
f 306 	307 	443
f 428 	429 	386
f 386 	387 	428
f 387 	314 	428
f 427 	428 	314
f 315 	405 	314
f 396 	404 	315
f 447 	310 	306
f 311 	310 	447
f 294 	309 	317
f 294 	317 	299
f 299 	263 	261
f 317 	263 	299
f 316 	329 	318
f 232 	321 	235
f 332 	309 	308
f 232 	320 	321
f 321 	373 	235
f 321 	380 	373
f 235 	373 	241
f 236 	231 	239
f 238 	239 	231
f 327 	230 	325
f 328 	230 	327
f 326 	325 	230
f 231 	331 	238
f 308 	323 	332
f 330 	231 	334
f 330 	331 	231
f 333 	334 	231
f 352 	335 	231
f 335 	333 	231
f 323 	364 	371
f 324 	329 	316
f 323 	371 	332
f 329 	336 	318
f 337 	375 	230
f 309 	342 	317
f 340 	339 	230
f 341 	230 	339
f 338 	337 	230
f 341 	338 	230
f 318 	336 	320
f 347 	230 	346
f 309 	332 	342
f 346 	230 	345
f 342 	266 	317
f 349 	230 	344
f 348 	230 	349
f 343 	344 	230
f 348 	345 	230
f 328 	343 	230
f 351 	350 	231
f 352 	231 	350
f 272 	266 	342
f 231 	356 	351
f 358 	359 	231
f 231 	359 	360
f 231 	360 	354
f 354 	353 	231
f 231 	353 	355
f 355 	356 	231
f 347 	362 	230
f 230 	362 	363
f 230 	363 	361
f 230 	361 	340
f 322 	364 	323
f 1333 	1341 	329
f 231 	367 	358
f 322 	357 	364
f 367 	231 	365
f 366 	365 	231
f 368 	231 	370
f 366 	231 	368
f 369 	231 	372
f 378 	372 	413
f 231 	413 	372
f 369 	370 	231
f 159 	230 	375
f 378 	374 	375
f 184 	159 	374
f 332 	376 	342
f 320 	377 	321
f 413 	379 	378
f 374 	378 	379
f 336 	377 	320
f 332 	371 	376
f 384 	383 	413
f 321 	377 	380
f 342 	376 	272
f 379 	413 	382
f 313 	312 	451
f 381 	382 	413
f 315 	314 	461
f 413 	383 	381
f 407 	427 	314
f 406 	407 	314
f 389 	385 	413
f 384 	413 	385
f 390 	388 	413
f 388 	389 	413
f 391 	390 	413
f 461 	396 	315
f 391 	413 	392
f 393 	392 	413
f 357 	1398 	364
f 394 	413 	395
f 399 	401 	398
f 397 	398 	401
f 401 	402 	397
f 402 	403 	397
f 403 	404 	397
f 396 	397 	404
f 405 	315 	404
f 406 	314 	405
f 312 	313 	429
f 301 	709 	293
f 398 	397 	474
f 399 	398 	474
f 394 	393 	413
f 416 	415 	425
f 414 	425 	415
f 403 	402 	485
f 417 	416 	425
f 376 	578 	272
f 404 	403 	485
f 419 	425 	418
f 417 	425 	419
f 421 	420 	212
f 420 	418 	212
f 422 	421 	212
f 222 	220 	212
f 220 	219 	212
f 219 	217 	212
f 213 	423 	212
f 423 	422 	212
f 212 	418 	425
f 258 	256 	255
f 429 	430 	312
f 313 	386 	429
f 311 	312 	430
f 430 	431 	311
f 310 	311 	431
f 306 	310 	431
f 306 	431 	432
f 571 	2142 	432
f 293 	290 	301
f 277 	707 	280
f 429 	428 	503
f 1143 	1132 	437
f 1143 	437 	438
f 413 	450 	395
f 430 	429 	503
f 283 	395 	450
f 434 	433 	439
f 434 	439 	440
f 432 	431 	506
f 435 	434 	440
f 435 	440 	441
f 571 	432 	506
f 436 	435 	441
f 436 	441 	442
f 284 	283 	450
f 447 	306 	443
f 437 	436 	442
f 437 	442 	444
f 285 	284 	450
f 445 	443 	307
f 438 	437 	444
f 438 	444 	446
f 286 	285 	450
f 438 	446 	1057
f 410 	409 	450
f 287 	286 	450
f 447 	448 	311
f 287 	450 	288
f 412 	450 	413
f 311 	448 	449
f 311 	449 	312
f 409 	408 	450
f 305 	304 	450
f 312 	449 	451
f 457 	479 	456
f 456 	479 	455
f 455 	481 	454
f 453 	454 	472
f 458 	478 	457
f 452 	453 	472
f 304 	303 	450
f 400 	305 	450
f 408 	400 	450
f 314 	460 	461
f 453 	452 	459
f 453 	459 	462
f 302 	301 	290
f 289 	288 	302
f 290 	289 	302
f 386 	313 	463
f 451 	463 	313
f 281 	256 	282
f 454 	453 	462
f 454 	462 	464
f 386 	463 	465
f 386 	465 	387
f 296 	282 	256
f 281 	280 	256
f 455 	454 	464
f 455 	464 	466
f 296 	256 	298
f 456 	455 	466
f 456 	466 	467
f 460 	314 	465
f 387 	465 	314
f 457 	456 	467
f 457 	467 	468
f 258 	300 	256
f 298 	256 	300
f 303 	302 	450
f 458 	457 	468
f 458 	468 	469
f 470 	396 	461
f 396 	470 	471
f 396 	471 	397
f 277 	275 	707
f 473 	472 	642
f 397 	471 	474
f 292 	291 	709
f 709 	707 	292
f 474 	475 	399
f 483 	401 	475
f 399 	475 	401
f 478 	458 	477
f 479 	457 	478
f 480 	455 	479
f 481 	455 	480
f 482 	454 	481
f 472 	454 	482
f 476 	477 	458
f 412 	411 	450
f 410 	450 	411
f 288 	450 	302
f 295 	293 	709
f 291 	295 	709
f 275 	292 	707
f 401 	483 	484
f 401 	484 	402
f 521 	465 	445
f 477 	476 	645
f 402 	484 	485
f 478 	477 	645
f 485 	486 	404
f 445 	447 	443
f 487 	405 	486
f 404 	486 	405
f 480 	479 	648
f 447 	445 	448
f 648 	481 	480
f 405 	487 	488
f 405 	488 	406
f 449 	445 	451
f 448 	445 	449
f 482 	481 	650
f 489 	407 	488
f 406 	488 	407
f 472 	482 	650
f 472 	650 	642
f 451 	445 	463
f 460 	465 	521
f 463 	445 	465
f 427 	407 	490
f 490 	407 	489
f 427 	490 	494
f 427 	494 	428
f 474 	471 	521
f 470 	521 	471
f 470 	461 	521
f 461 	460 	521
f 458 	491 	492
f 495 	458 	493
f 492 	493 	458
f 458 	495 	496
f 458 	496 	497
f 458 	497 	498
f 458 	498 	499
f 458 	499 	500
f 458 	500 	501
f 458 	501 	502
f 476 	458 	502
f 428 	494 	503
f 458 	469 	491
f 503 	504 	430
f 505 	431 	504
f 430 	504 	431
f 431 	505 	506
f 495 	493 	656
f 474 	521 	475
f 483 	475 	521
f 496 	495 	656
f 484 	483 	521
f 485 	484 	521
f 486 	485 	521
f 487 	486 	521
f 509 	510 	508
f 510 	511 	508
f 511 	512 	508
f 512 	513 	508
f 513 	514 	508
f 514 	515 	508
f 515 	516 	508
f 516 	517 	508
f 517 	518 	508
f 488 	487 	521
f 489 	488 	521
f 524 	523 	489
f 521 	544 	489
f 508 	507 	523
f 508 	523 	524
f 509 	508 	524
f 544 	524 	489
f 494 	567 	503
f 503 	566 	504
f 504 	565 	505
f 512 	511 	547
f 426 	519 	520
f 547 	546 	521
f 544 	521 	545
f 513 	512 	547
f 769 	562 	768
f 516 	515 	551
f 517 	516 	551
f 517 	551 	553
f 519 	522 	525
f 553 	518 	517
f 519 	525 	520
f 526 	527 	540
f 529 	538 	528
f 528 	540 	527
f 530 	538 	529
f 531 	537 	530
f 532 	537 	531
f 528 	527 	558
f 558 	529 	528
f 531 	530 	561
f 532 	531 	561
f 538 	530 	537
f 539 	528 	538
f 540 	528 	539
f 507 	508 	526
f 518 	526 	508
f 537 	532 	1200
f 540 	507 	526
f 273 	533 	276
f 276 	541 	279
f 533 	541 	276
f 539 	538 	568
f 568 	540 	539
f 507 	540 	523
f 533 	543 	541
f 509 	524 	544
f 542 	543 	533
f 510 	509 	544
f 510 	544 	545
f 545 	546 	510
f 511 	510 	546
f 543 	12 	541
f 547 	511 	546
f 547 	548 	513
f 549 	514 	548
f 513 	548 	514
f 514 	549 	550
f 514 	550 	515
f 515 	550 	551
f 553 	554 	518
f 518 	554 	556
f 557 	527 	556
f 526 	556 	527
f 542 	555 	543
f 526 	518 	556
f 527 	557 	558
f 594 	595 	534
f 552 	555 	542
f 558 	559 	529
f 529 	559 	560
f 529 	560 	530
f 530 	560 	561
f 561 	562 	532
f 769 	532 	562
f 563 	565 	535
f 536 	535 	565
f 537 	536 	565
f 537 	565 	566
f 566 	567 	537
f 538 	537 	567
f 568 	538 	567
f 540 	568 	569
f 569 	523 	540
f 574 	851 	573
f 575 	851 	574
f 576 	849 	575
f 573 	854 	572
f 572 	823 	571
f 823 	572 	854
f 251 	2136 	571
f 506 	577 	571
f 572 	571 	577
f 572 	577 	579
f 573 	572 	579
f 573 	579 	580
f 272 	578 	585
f 585 	273 	272
f 533 	273 	585
f 1851 	584 	581
f 578 	586 	585
f 578 	424 	586
f 585 	586 	542
f 28 	564 	143
f 589 	586 	424
f 589 	552 	586
f 564 	2143 	570
f 586 	552 	542
f 585 	542 	533
f 570 	59 	581
f 581 	59 	1851
f 589 	424 	426
f 587 	591 	588
f 534 	592 	593
f 587 	590 	591
f 593 	594 	534
f 589 	520 	598
f 426 	520 	589
f 552 	589 	598
f 680 	600 	590
f 598 	604 	552
f 603 	591 	590
f 600 	603 	590
f 603 	2146 	591
f 552 	604 	555
f 594 	593 	143
f 604 	1394 	555
f 619 	143 	593
f 525 	605 	520
f 520 	605 	598
f 594 	143 	564
f 605 	606 	598
f 603 	600 	608
f 594 	564 	595
f 595 	564 	570
f 595 	570 	596
f 598 	606 	604
f 596 	581 	597
f 596 	570 	581
f 608 	600 	607
f 599 	597 	584
f 597 	581 	584
f 582 	603 	608
f 710 	609 	607
f 607 	609 	610
f 606 	1438 	1397
f 607 	610 	608
f 608 	583 	582
f 610 	583 	608
f 611 	617 	613
f 611 	615 	617
f 618 	609 	731
f 592 	616 	619
f 613 	617 	426
f 609 	618 	620
f 592 	619 	593
f 618 	625 	620
f 613 	426 	424
f 609 	620 	610
f 621 	583 	610
f 615 	629 	617
f 620 	621 	610
f 621 	628 	1040
f 910 	624 	618
f 612 	623 	614
f 614 	623 	627
f 625 	618 	624
f 620 	625 	628
f 620 	628 	621
f 614 	627 	616
f 92 	619 	616
f 92 	616 	627
f 629 	615 	626
f 629 	519 	617
f 619 	92 	143
f 96 	143 	92
f 617 	519 	426
f 627 	623 	636
f 622 	632 	626
f 627 	103 	92
f 627 	636 	103
f 622 	630 	632
f 626 	632 	634
f 631 	640 	635
f 623 	633 	636
f 626 	634 	629
f 629 	522 	519
f 629 	634 	522
f 651 	638 	631
f 633 	641 	636
f 640 	631 	638
f 596 	534 	595
f 534 	596 	597
f 499 	498 	660
f 500 	499 	660
f 597 	599 	534
f 599 	601 	534
f 601 	602 	534
f 642 	643 	473
f 602 	297 	534
f 638 	677 	678
f 645 	476 	644
f 297 	2211 	534
f 478 	645 	646
f 678 	640 	638
f 646 	647 	478
f 479 	478 	647
f 2211 	2213 	534
f 648 	479 	647
f 481 	648 	649
f 2213 	2214 	534
f 650 	481 	649
f 2214 	2216 	534
f 469 	652 	491
f 2216 	2231 	534
f 491 	652 	653
f 491 	653 	492
f 492 	653 	654
f 492 	654 	493
f 2231 	2232 	534
f 493 	654 	656
f 2232 	2233 	534
f 656 	657 	496
f 658 	497 	657
f 496 	657 	497
f 2233 	694 	534
f 497 	658 	659
f 497 	659 	498
f 498 	659 	660
f 694 	696 	534
f 651 	655 	638
f 660 	661 	500
f 662 	501 	661
f 500 	661 	501
f 696 	1377 	534
f 663 	502 	662
f 501 	662 	502
f 1377 	1378 	534
f 476 	502 	644
f 663 	644 	502
f 1378 	1380 	534
f 1380 	1373 	534
f 666 	667 	665
f 667 	668 	665
f 668 	669 	665
f 669 	670 	665
f 670 	671 	665
f 671 	672 	665
f 672 	673 	665
f 673 	674 	665
f 674 	675 	665
f 664 	665 	675
f 433 	1135 	676
f 676 	1135 	675
f 655 	677 	638
f 655 	770 	677
f 736 	534 	733
f 569 	568 	490
f 490 	489 	569
f 523 	569 	489
f 677 	679 	680
f 738 	740 	534
f 677 	680 	678
f 740 	319 	534
f 546 	545 	521
f 319 	592 	534
f 678 	587 	640
f 549 	548 	521
f 547 	521 	548
f 551 	550 	521
f 550 	549 	521
f 534 	1373 	1374
f 553 	551 	521
f 770 	679 	677
f 1374 	1375 	534
f 521 	554 	553
f 557 	556 	521
f 554 	521 	556
f 558 	557 	521
f 559 	558 	521
f 560 	559 	521
f 679 	684 	680
f 521 	768 	560
f 679 	683 	684
f 561 	560 	768
f 562 	561 	768
f 534 	681 	682
f 678 	590 	587
f 579 	577 	693
f 590 	678 	680
f 563 	693 	577
f 563 	505 	565
f 565 	504 	566
f 566 	503 	567
f 567 	494 	568
f 494 	490 	568
f 506 	505 	563
f 577 	506 	563
f 693 	692 	579
f 680 	684 	600
f 737 	725 	688
f 725 	723 	688
f 687 	686 	689
f 685 	580 	691
f 692 	691 	580
f 580 	579 	692
f 695 	712 	697
f 699 	698 	712
f 698 	697 	712
f 684 	710 	607
f 700 	712 	701
f 702 	712 	703
f 607 	600 	684
f 256 	704 	712
f 706 	705 	256
f 256 	280 	707
f 707 	706 	256
f 705 	704 	256
f 710 	684 	683
f 703 	712 	704
f 702 	701 	712
f 700 	699 	712
f 695 	711 	712
f 710 	683 	708
f 715 	737 	716
f 717 	737 	718
f 719 	737 	720
f 713 	714 	721
f 720 	713 	721
f 686 	685 	690
f 691 	690 	685
f 690 	689 	686
f 726 	725 	737
f 2247 	91 	696
f 708 	724 	731
f 727 	726 	737
f 696 	91 	1377
f 729 	728 	737
f 728 	727 	737
f 730 	729 	737
f 724 	905 	910
f 734 	732 	737
f 732 	730 	737
f 724 	910 	731
f 718 	737 	719
f 716 	737 	717
f 735 	737 	715
f 734 	737 	735
f 713 	720 	737
f 708 	731 	710
f 736 	738 	534
f 689 	688 	687
f 609 	710 	731
f 739 	767 	737
f 741 	739 	737
f 742 	741 	737
f 743 	742 	737
f 744 	743 	737
f 574 	573 	580
f 574 	580 	685
f 746 	744 	737
f 575 	574 	685
f 575 	685 	686
f 733 	750 	736
f 749 	748 	737
f 576 	575 	686
f 576 	686 	687
f 752 	751 	737
f 751 	749 	737
f 748 	747 	737
f 722 	687 	688
f 723 	722 	688
f 688 	753 	737
f 753 	752 	737
f 757 	758 	1225
f 535 	1204 	761
f 758 	759 	1225
f 756 	757 	1225
f 1223 	1268 	1224
f 756 	755 	688
f 756 	688 	689
f 762 	760 	865
f 757 	756 	689
f 757 	689 	690
f 765 	763 	865
f 758 	757 	690
f 758 	690 	691
f 759 	758 	691
f 759 	691 	692
f 761 	759 	692
f 761 	692 	693
f 747 	746 	737
f 865 	737 	767
f 767 	766 	865
f 766 	765 	865
f 693 	563 	761
f 535 	761 	563
f 775 	820 	774
f 773 	774 	820
f 772 	773 	820
f 780 	782 	779
f 782 	783 	779
f 783 	784 	779
f 784 	785 	779
f 785 	786 	779
f 786 	787 	779
f 787 	788 	779
f 788 	789 	779
f 789 	790 	779
f 247 	248 	779
f 248 	249 	779
f 249 	250 	779
f 777 	778 	251
f 790 	247 	779
f 795 	796 	821
f 776 	821 	796
f 796 	797 	776
f 797 	799 	776
f 781 	776 	799
f 799 	800 	781
f 800 	801 	781
f 791 	781 	801
f 801 	802 	791
f 792 	791 	802
f 802 	803 	792
f 803 	804 	792
f 794 	792 	804
f 764 	798 	770
f 782 	780 	700
f 783 	782 	700
f 793 	798 	764
f 810 	811 	818
f 812 	813 	818
f 819 	818 	813
f 813 	814 	819
f 814 	771 	819
f 771 	772 	819
f 820 	819 	772
f 770 	798 	679
f 816 	805 	815
f 809 	810 	817
f 811 	812 	818
f 821 	820 	775
f 775 	795 	821
f 818 	817 	810
f 815 	807 	817
f 809 	817 	808
f 806 	807 	815
f 808 	817 	807
f 777 	251 	824
f 251 	571 	824
f 793 	825 	798
f 833 	824 	823
f 833 	823 	837
f 830 	831 	842
f 831 	832 	842
f 843 	842 	832
f 832 	834 	843
f 844 	843 	834
f 834 	835 	844
f 835 	836 	844
f 836 	838 	845
f 846 	845 	838
f 816 	846 	839
f 839 	805 	816
f 806 	815 	805
f 793 	822 	825
f 827 	828 	863
f 841 	863 	828
f 798 	825 	683
f 854 	721 	823
f 828 	829 	841
f 840 	841 	829
f 829 	830 	840
f 842 	840 	830
f 845 	844 	836
f 838 	839 	846
f 849 	576 	848
f 851 	575 	850
f 850 	575 	849
f 852 	573 	851
f 854 	573 	852
f 823 	824 	571
f 847 	848 	576
f 825 	708 	683
f 798 	683 	679
f 855 	884 	856
f 857 	886 	858
f 858 	887 	859
f 859 	888 	860
f 860 	889 	861
f 863 	861 	826
f 826 	827 	863
f 763 	762 	865
f 760 	754 	865
f 864 	865 	754
f 862 	825 	822
f 576 	866 	867
f 576 	867 	868
f 576 	868 	869
f 576 	869 	870
f 576 	870 	871
f 576 	871 	872
f 576 	872 	873
f 576 	873 	874
f 576 	874 	876
f 576 	876 	877
f 847 	576 	877
f 708 	825 	862
f 875 	939 	881
f 880 	881 	939
f 868 	867 	725
f 869 	868 	725
f 886 	857 	885
f 885 	856 	884
f 887 	858 	886
f 884 	853 	883
f 882 	883 	879
f 879 	878 	882
f 888 	859 	887
f 826 	861 	889
f 889 	860 	888
f 856 	885 	857
f 853 	884 	855
f 879 	883 	853
f 881 	882 	878
f 878 	875 	881
f 804 	894 	794
f 872 	871 	729
f 891 	794 	894
f 873 	872 	729
f 895 	893 	892
f 892 	891 	895
f 895 	891 	894
f 862 	724 	708
f 876 	874 	734
f 734 	877 	876
f 890 	724 	862
f 902 	901 	925
f 899 	898 	925
f 890 	905 	724
f 695 	697 	777
f 778 	777 	697
f 896 	895 	897
f 697 	698 	778
f 779 	778 	698
f 898 	897 	895
f 698 	699 	779
f 780 	779 	699
f 895 	925 	898
f 700 	780 	699
f 783 	700 	701
f 901 	899 	925
f 903 	902 	925
f 904 	903 	925
f 784 	783 	701
f 784 	701 	702
f 702 	703 	784
f 785 	784 	703
f 786 	785 	703
f 786 	703 	704
f 905 	890 	900
f 704 	705 	786
f 787 	786 	705
f 907 	906 	893
f 895 	915 	893
f 788 	787 	705
f 788 	705 	706
f 900 	923 	905
f 907 	893 	908
f 905 	923 	928
f 706 	707 	788
f 789 	788 	707
f 908 	893 	909
f 909 	893 	911
f 905 	928 	910
f 790 	789 	707
f 790 	707 	709
f 911 	893 	912
f 912 	893 	913
f 709 	301 	790
f 913 	893 	914
f 914 	893 	915
f 711 	777 	824
f 695 	777 	711
f 916 	915 	895
f 916 	895 	896
f 711 	824 	712
f 833 	712 	824
f 618 	731 	910
f 713 	837 	714
f 823 	714 	837
f 919 	917 	893
f 847 	877 	715
f 921 	920 	893
f 920 	919 	893
f 848 	847 	715
f 848 	715 	716
f 900 	918 	923
f 716 	717 	848
f 849 	848 	717
f 922 	921 	893
f 906 	922 	893
f 717 	718 	849
f 850 	849 	718
f 924 	904 	925
f 851 	850 	718
f 851 	718 	719
f 719 	720 	851
f 852 	851 	720
f 854 	852 	720
f 854 	720 	721
f 714 	823 	721
f 910 	928 	624
f 866 	576 	722
f 687 	722 	576
f 930 	929 	935
f 931 	930 	935
f 866 	722 	723
f 866 	723 	867
f 932 	931 	935
f 933 	932 	935
f 934 	933 	935
f 867 	723 	725
f 725 	726 	869
f 893 	934 	935
f 934 	893 	917
f 727 	870 	726
f 869 	726 	870
f 870 	727 	728
f 870 	728 	871
f 935 	941 	936
f 871 	728 	729
f 937 	941 	938
f 729 	730 	873
f 939 	938 	880
f 941 	880 	938
f 937 	936 	941
f 732 	874 	730
f 873 	730 	874
f 874 	732 	734
f 964 	962 	935
f 734 	735 	877
f 715 	877 	735
f 943 	941 	944
f 940 	963 	968
f 950 	952 	948
f 951 	952 	950
f 947 	948 	952
f 947 	952 	953
f 947 	953 	954
f 947 	954 	955
f 947 	955 	956
f 947 	956 	957
f 947 	957 	958
f 959 	986 	958
f 755 	986 	959
f 949 	946 	935
f 968 	822 	940
f 961 	960 	935
f 962 	961 	935
f 965 	964 	935
f 966 	965 	935
f 935 	929 	966
f 967 	976 	969
f 971 	976 	972
f 970 	976 	971
f 968 	862 	822
f 960 	949 	935
f 943 	942 	941
f 946 	945 	935
f 941 	935 	945
f 945 	944 	941
f 941 	942 	973
f 972 	976 	973
f 959 	958 	753
f 969 	976 	970
f 941 	973 	976
f 975 	976 	967
f 959 	753 	755
f 927 	979 	926
f 963 	978 	968
f 985 	755 	983
f 983 	755 	982
f 981 	982 	755
f 986 	755 	985
f 987 	958 	986
f 947 	958 	987
f 755 	1225 	981
f 984 	979 	927
f 963 	974 	978
f 988 	984 	927
f 982 	981 	762
f 989 	988 	927
f 968 	978 	890
f 983 	982 	762
f 927 	977 	989
f 990 	989 	977
f 993 	991 	977
f 991 	990 	977
f 992 	993 	977
f 968 	890 	862
f 994 	992 	977
f 995 	994 	977
f 996 	995 	977
f 997 	996 	977
f 739 	741 	947
f 948 	947 	741
f 950 	948 	741
f 950 	741 	742
f 974 	1008 	978
f 998 	997 	977
f 742 	743 	950
f 951 	950 	743
f 974 	1006 	1008
f 999 	998 	977
f 952 	951 	743
f 952 	743 	744
f 744 	746 	952
f 953 	952 	746
f 1000 	999 	977
f 1001 	1000 	977
f 1002 	1001 	977
f 977 	1016 	1002
f 954 	953 	746
f 954 	746 	747
f 1002 	1016 	1003
f 747 	748 	954
f 955 	954 	748
f 1048 	1047 	1007
f 1004 	1003 	1015
f 956 	955 	748
f 956 	748 	749
f 749 	751 	956
f 957 	956 	751
f 1015 	1013 	1004
f 1005 	1004 	1013
f 958 	957 	751
f 958 	751 	752
f 1013 	1048 	1005
f 753 	958 	752
f 688 	755 	753
f 978 	1008 	900
f 1268 	754 	980
f 1019 	1008 	1006
f 1007 	1005 	1048
f 980 	754 	760
f 980 	760 	981
f 900 	1008 	918
f 981 	760 	762
f 1008 	1019 	918
f 762 	763 	983
f 1050 	1030 	977
f 978 	900 	890
f 765 	985 	763
f 983 	763 	985
f 985 	765 	766
f 985 	766 	986
f 1009 	1007 	1047
f 767 	987 	766
f 986 	766 	987
f 1016 	977 	1017
f 1006 	1014 	1019
f 739 	947 	767
f 767 	947 	987
f 536 	537 	1200
f 1031 	1028 	1022
f 1030 	1050 	1032
f 1030 	1029 	977
f 1036 	1018 	977
f 1018 	1017 	977
f 1015 	1003 	1016
f 1022 	1021 	769
f 1022 	769 	768
f 1021 	1200 	532
f 1021 	532 	769
f 1023 	1042 	977
f 1025 	1024 	977
f 1024 	1023 	977
f 1020 	1021 	1028
f 1027 	1025 	977
f 1028 	772 	771
f 1028 	771 	1020
f 1026 	1027 	977
f 1029 	1026 	977
f 1021 	1022 	1028
f 1031 	773 	772
f 1031 	772 	1028
f 1031 	1022 	1035
f 1033 	1032 	1050
f 1034 	1033 	1050
f 1052 	1034 	1050
f 1031 	1035 	774
f 1031 	774 	773
f 1035 	1022 	1037
f 1044 	1037 	1022
f 1035 	1037 	775
f 1035 	775 	774
f 1036 	977 	1038
f 1039 	1038 	977
f 1041 	1039 	977
f 1037 	1044 	775
f 1042 	1041 	977
f 1044 	795 	775
f 1011 	1010 	1045
f 1045 	1043 	1011
f 1044 	1022 	1049
f 1054 	1022 	1058
f 1047 	1046 	1009
f 1010 	1009 	1046
f 1046 	1045 	1010
f 1012 	1011 	1043
f 1044 	1049 	796
f 1044 	796 	795
f 1049 	1022 	1051
f 1049 	1051 	797
f 1049 	797 	796
f 459 	1056 	1053
f 1051 	1022 	1054
f 1055 	1012 	1053
f 1053 	1012 	1043
f 1053 	1056 	1055
f 1051 	1054 	799
f 1051 	799 	797
f 1063 	1022 	1065
f 625 	1389 	628
f 1054 	1058 	800
f 1054 	800 	799
f 1060 	1059 	1066
f 1057 	459 	1059
f 1058 	1022 	1063
f 1061 	1060 	1066
f 1058 	1063 	801
f 1058 	801 	800
f 1064 	1066 	1082
f 1062 	1061 	1066
f 1064 	1062 	1066
f 1063 	1065 	802
f 1063 	802 	801
f 928 	1389 	624
f 1065 	1022 	1068
f 1386 	1437 	1022
f 1065 	1068 	803
f 1065 	803 	802
f 624 	1389 	625
f 1068 	1022 	1072
f 1070 	1069 	1066
f 1091 	1066 	1069
f 1068 	1072 	804
f 1068 	804 	803
f 1074 	1073 	1066
f 1073 	1071 	1066
f 1066 	1067 	1074
f 1072 	1437 	804
f 1040 	628 	1389
f 1076 	1075 	1067
f 1075 	1074 	1067
f 1079 	1078 	1067
f 1078 	1077 	1067
f 1077 	1076 	1067
f 633 	639 	641
f 1085 	1084 	1066
f 1082 	1066 	1084
f 1086 	1085 	1066
f 1088 	1087 	1066
f 1086 	1066 	1087
f 1088 	1066 	1089
f 1071 	1070 	1066
f 1091 	1090 	1066
f 1090 	1089 	1066
f 16 	1079 	1067
f 918 	1019 	140
f 21 	157 	22
f 26 	22 	157
f 2021 	103 	636
f 1019 	1014 	140
f 30 	26 	157
f 30 	157 	36
f 918 	140 	923
f 157 	1128 	38
f 38 	36 	157
f 46 	38 	1128
f 140 	928 	923
f 439 	1109 	652
f 439 	469 	440
f 637 	1093 	639
f 441 	440 	468
f 468 	467 	441
f 459 	1053 	1066
f 1066 	1059 	459
f 1092 	1093 	637
f 446 	444 	462
f 446 	459 	1057
f 462 	459 	446
f 464 	462 	444
f 467 	466 	442
f 466 	464 	444
f 444 	442 	466
f 442 	441 	467
f 468 	440 	469
f 644 	1094 	645
f 647 	646 	643
f 1094 	643 	646
f 648 	647 	643
f 643 	642 	650
f 649 	648 	643
f 650 	649 	643
f 469 	439 	652
f 653 	652 	1094
f 1389 	928 	1390
f 139 	1390 	928
f 928 	140 	139
f 654 	653 	1094
f 1386 	1390 	136
f 654 	1094 	656
f 657 	656 	1094
f 658 	657 	1094
f 660 	659 	1094
f 659 	658 	1094
f 662 	661 	1094
f 661 	660 	1094
f 646 	645 	1094
f 1094 	644 	663
f 663 	662 	1094
f 1096 	1095 	1094
f 1098 	1097 	1094
f 1103 	1101 	1094
f 1103 	1094 	1104
f 336 	1379 	377
f 1094 	652 	1104
f 1105 	1104 	652
f 1106 	623 	612
f 1107 	1105 	652
f 1108 	1107 	652
f 1109 	1108 	652
f 1112 	1111 	1094
f 1119 	1094 	1111
f 1101 	1100 	1094
f 1100 	1099 	1094
f 1099 	1098 	1094
f 1097 	1096 	1094
f 1095 	1114 	1094
f 1114 	1113 	1094
f 1113 	1112 	1094
f 1102 	1110 	1115
f 147 	1116 	1117
f 1111 	1118 	1119
f 1120 	1334 	1121
f 1116 	1152 	1117
f 1122 	1121 	1126
f 1123 	1126 	1124
f 1126 	1127 	1125
f 1124 	1126 	1125
f 1137 	1136 	1128
f 43 	46 	1128
f 1117 	148 	147
f 1129 	43 	1128
f 148 	1117 	1131
f 1135 	434 	1134
f 664 	675 	1135
f 434 	435 	1134
f 1130 	1129 	1128
f 1136 	1130 	1128
f 1134 	1133 	1112
f 1138 	1137 	1128
f 435 	436 	1134
f 1133 	1134 	436
f 434 	1135 	433
f 436 	437 	1133
f 1141 	1140 	1128
f 1140 	1139 	1128
f 1139 	1138 	1128
f 1142 	1141 	1128
f 1144 	1142 	1128
f 1145 	1144 	1128
f 1119 	1143 	1147
f 1170 	1169 	1128
f 1145 	1128 	1146
f 1132 	1133 	437
f 1148 	1150 	1143
f 1147 	1143 	1150
f 1169 	1168 	1128
f 1168 	1167 	1128
f 1167 	1166 	1128
f 1166 	1165 	1128
f 1165 	1146 	1128
f 1158 	1148 	1156
f 1159 	1160 	1158
f 1160 	1161 	1158
f 1161 	1148 	1158
f 1143 	1514 	1148
f 1156 	1148 	1155
f 1116 	1163 	1152
f 1300 	1299 	150
f 1158 	1156 	1122
f 1117 	1152 	1190
f 1159 	1158 	1122
f 1153 	1151 	1283
f 1285 	1283 	1151
f 1151 	1149 	1285
f 1117 	1190 	1131
f 665 	664 	1096
f 1164 	1288 	1146
f 1171 	1128 	1172
f 1131 	1191 	1187
f 666 	665 	1096
f 1292 	1128 	1295
f 1173 	1128 	1174
f 150 	1295 	1128
f 1173 	1172 	1128
f 1171 	1170 	1128
f 195 	218 	1163
f 1163 	1116 	195
f 1152 	1163 	1175
f 672 	671 	1104
f 1104 	673 	672
f 1163 	1176 	1175
f 674 	673 	1107
f 1107 	1108 	674
f 1108 	676 	675
f 439 	433 	676
f 1112 	1133 	1132
f 1134 	1112 	1113
f 1135 	1134 	1113
f 1114 	1095 	1135
f 1176 	1163 	218
f 664 	1135 	1095
f 1096 	664 	1095
f 666 	1096 	1097
f 667 	666 	1097
f 667 	1097 	1098
f 1098 	1099 	667
f 668 	667 	1099
f 669 	668 	1099
f 669 	1099 	1100
f 1100 	1101 	669
f 670 	669 	1101
f 671 	670 	1101
f 671 	1101 	1103
f 136 	146 	1177
f 136 	1177 	1178
f 136 	1178 	1179
f 136 	1179 	1180
f 136 	1180 	1181
f 136 	1181 	1182
f 1386 	136 	1183
f 1072 	1022 	1437
f 1183 	1437 	1386
f 307 	1386 	1022
f 306 	1184 	307
f 1386 	307 	1184
f 1185 	1386 	1184
f 1182 	1183 	136
f 1102 	1115 	1106
f 231 	1185 	1184
f 230 	1185 	231
f 1188 	1874 	1083
f 1189 	1874 	1188
f 1439 	1874 	1189
f 1080 	1212 	776
f 445 	307 	521
f 1081 	1080 	776
f 1081 	776 	781
f 1022 	521 	307
f 1083 	1081 	781
f 1083 	781 	791
f 1188 	1083 	791
f 1188 	791 	792
f 1189 	1188 	792
f 1189 	792 	794
f 768 	521 	1022
f 1439 	1189 	794
f 1190 	1191 	1131
f 1193 	1204 	535
f 1192 	1193 	535
f 1203 	1240 	761
f 1192 	808 	807
f 1192 	807 	1193
f 1192 	535 	1194
f 535 	536 	1200
f 1194 	809 	808
f 1194 	808 	1192
f 925 	895 	1183
f 1182 	925 	1183
f 1194 	535 	1196
f 1191 	1195 	1187
f 1196 	810 	809
f 1196 	809 	1194
f 1180 	977 	1181
f 1196 	535 	1197
f 1197 	811 	810
f 1197 	810 	1196
f 1175 	1198 	1152
f 1197 	535 	1199
f 927 	1181 	977
f 1199 	812 	811
f 1199 	811 	1197
f 1199 	535 	1200
f 1020 	1201 	1021
f 1050 	977 	1180
f 1200 	813 	812
f 1200 	812 	1199
f 1066 	1179 	1178
f 1152 	1198 	1190
f 1200 	1021 	1201
f 1198 	1202 	1190
f 1201 	814 	813
f 1201 	813 	1200
f 1066 	1178 	1067
f 1201 	1020 	814
f 771 	814 	1020
f 146 	1128 	1177
f 1175 	1231 	1198
f 1239 	1237 	761
f 1203 	805 	1240
f 1240 	1239 	761
f 1203 	761 	1204
f 1190 	1202 	1191
f 157 	1177 	1128
f 1204 	806 	805
f 1204 	805 	1203
f 1128 	146 	150
f 1191 	1205 	1195
f 1202 	1205 	1191
f 807 	806 	1204
f 807 	1204 	1193
f 159 	1185 	230
f 1213 	1214 	1386
f 1207 	1874 	1206
f 1208 	1874 	1207
f 1208 	1209 	1874
f 1209 	1210 	1874
f 1210 	1211 	1874
f 1211 	1212 	1874
f 1212 	1080 	1874
f 1081 	1874 	1080
f 1207 	1206 	816
f 1207 	816 	815
f 1208 	1207 	815
f 1208 	815 	817
f 1209 	1208 	817
f 1209 	817 	818
f 1214 	1215 	1386
f 1210 	1209 	818
f 1210 	818 	819
f 1211 	1210 	819
f 1211 	819 	820
f 1212 	1211 	820
f 1212 	820 	821
f 1212 	821 	776
f 1215 	1216 	1386
f 1487 	1488 	1386
f 1219 	1487 	1386
f 1270 	1386 	1269
f 1218 	1219 	1386
f 1269 	1386 	1492
f 1254 	816 	1206
f 1220 	1284 	1221
f 1221 	827 	826
f 1221 	826 	1220
f 1221 	1284 	1222
f 1222 	828 	827
f 1222 	827 	1221
f 1222 	1268 	1223
f 1223 	829 	828
f 1223 	828 	1222
f 1224 	830 	829
f 1224 	829 	1223
f 1224 	1268 	1225
f 1232 	1226 	761
f 1225 	831 	830
f 1225 	830 	1224
f 755 	756 	1225
f 2117 	2158 	2111
f 2158 	2148 	2111
f 1226 	832 	831
f 1226 	831 	1225
f 759 	761 	1225
f 1232 	834 	832
f 1232 	832 	1226
f 1228 	1229 	2148
f 1227 	1228 	2148
f 1226 	1225 	761
f 1236 	1232 	761
f 1234 	1233 	179
f 1236 	835 	834
f 1236 	834 	1232
f 179 	1235 	1234
f 1267 	1231 	1175
f 1237 	836 	835
f 1237 	835 	1236
f 1231 	1238 	1198
f 1239 	838 	836
f 1239 	836 	1237
f 1237 	1236 	761
f 1231 	1298 	1265
f 1240 	839 	838
f 1240 	838 	1239
f 1231 	1265 	1238
f 805 	839 	1240
f 1247 	1233 	2149
f 2156 	2149 	1233
f 2148 	2156 	1233
f 1233 	1234 	2148
f 1234 	1235 	2148
f 1235 	1227 	2148
f 1242 	1243 	2155
f 2155 	1243 	2154
f 1198 	1238 	1202
f 1251 	1874 	1250
f 1252 	1874 	1251
f 1253 	1874 	1252
f 1254 	1874 	1253
f 1206 	1874 	1254
f 1249 	1250 	1875
f 1238 	1255 	1202
f 1243 	1242 	172
f 1244 	1243 	172
f 1202 	1255 	1205
f 1253 	1252 	845
f 845 	1254 	1253
f 1255 	1852 	1205
f 1185 	159 	1213
f 1258 	1259 	1433
f 1259 	1260 	1433
f 1260 	1261 	1433
f 1261 	1262 	1433
f 1432 	1433 	1262
f 1263 	1877 	1262
f 1248 	1876 	1264
f 1264 	1876 	1263
f 161 	1214 	159
f 1213 	159 	1214
f 1214 	161 	162
f 1214 	162 	1215
f 1215 	162 	163
f 1215 	163 	1216
f 164 	1217 	163
f 1216 	163 	1217
f 1217 	164 	167
f 1217 	167 	1218
f 168 	1219 	167
f 1218 	167 	1219
f 168 	204 	1219
f 1241 	169 	171
f 1241 	171 	1242
f 172 	1242 	171
f 1249 	1248 	841
f 1249 	841 	840
f 1244 	172 	173
f 840 	842 	1249
f 1250 	1249 	842
f 1245 	1244 	173
f 1245 	173 	175
f 1251 	1250 	842
f 1251 	842 	843
f 843 	844 	1251
f 1252 	1251 	844
f 175 	176 	1245
f 1246 	1245 	176
f 845 	1252 	844
f 1247 	1246 	176
f 1247 	176 	177
f 1254 	845 	846
f 1254 	846 	816
f 181 	182 	1227
f 1228 	1227 	182
f 1265 	1421 	1859
f 177 	178 	1247
f 1233 	1247 	178
f 1256 	853 	855
f 1256 	855 	1257
f 1176 	1266 	1267
f 179 	1233 	178
f 856 	1258 	855
f 1257 	855 	1258
f 1235 	179 	180
f 1258 	856 	857
f 1258 	857 	1259
f 180 	181 	1235
f 1227 	1235 	181
f 858 	1260 	857
f 1259 	857 	1260
f 1266 	1286 	1287
f 1260 	858 	859
f 1260 	859 	1261
f 1229 	1228 	182
f 1229 	182 	183
f 1266 	1287 	1267
f 860 	1262 	859
f 1261 	859 	1262
f 183 	184 	1229
f 1230 	1229 	184
f 1262 	860 	861
f 1262 	861 	1263
f 2111 	1230 	184
f 1176 	1267 	1175
f 863 	1264 	861
f 1263 	861 	1264
f 1264 	863 	841
f 1264 	841 	1248
f 1266 	1176 	241
f 980 	981 	1225
f 1268 	980 	1225
f 1310 	1284 	1313
f 1216 	1217 	1386
f 1271 	1273 	1386
f 1273 	1274 	1386
f 1274 	1275 	1386
f 1275 	1276 	1386
f 1276 	1277 	1386
f 1277 	1278 	1386
f 1278 	1279 	1386
f 1279 	1280 	1386
f 1281 	1386 	1280
f 754 	1268 	864
f 1266 	241 	373
f 1268 	1222 	1284
f 1294 	1290 	1284
f 1268 	1284 	865
f 1268 	865 	864
f 1162 	1157 	1272
f 826 	889 	1220
f 1165 	1164 	1146
f 1149 	1146 	1288
f 1288 	1285 	1149
f 1154 	1153 	1283
f 1283 	1282 	1154
f 1282 	1272 	1154
f 1157 	1154 	1272
f 1289 	1284 	1290
f 1290 	881 	880
f 1290 	880 	1289
f 1294 	1284 	1297
f 1174 	1128 	1291
f 1291 	1128 	1293
f 1294 	882 	881
f 1294 	881 	1290
f 1293 	1128 	1292
f 1231 	1267 	1298
f 1297 	883 	882
f 1297 	882 	1294
f 1295 	150 	1296
f 1299 	1296 	150
f 1287 	1298 	1267
f 1297 	1284 	1301
f 1301 	884 	883
f 1301 	883 	1297
f 1300 	150 	1302
f 151 	1302 	150
f 1301 	1284 	1303
f 1303 	1284 	1306
f 1272 	1186 	1162
f 1303 	885 	884
f 1303 	884 	1301
f 1286 	1266 	373
f 373 	380 	1286
f 1304 	1162 	1186
f 1306 	886 	885
f 1306 	885 	1303
f 1186 	1319 	1304
f 1306 	1284 	1310
f 1305 	1304 	1319
f 1310 	887 	886
f 1310 	886 	1306
f 1313 	888 	887
f 1313 	887 	1310
f 1313 	1284 	1316
f 1316 	1284 	1220
f 1312 	1346 	1321
f 1316 	889 	888
f 1316 	888 	1313
f 1321 	1311 	1312
f 733 	745 	750
f 736 	750 	1320
f 1315 	1314 	1309
f 1308 	1307 	1317
f 1317 	1315 	1308
f 1318 	1317 	1307
f 1307 	1305 	1318
f 1319 	1318 	1305
f 1309 	1308 	1315
f 736 	1320 	738
f 1323 	1322 	1334
f 1322 	1321 	1334
f 612 	740 	738
f 1325 	1324 	1334
f 1324 	1323 	1334
f 380 	1425 	1286
f 1326 	1325 	1334
f 1327 	1326 	1334
f 612 	738 	1320
f 1328 	1327 	1334
f 1329 	1328 	1334
f 1329 	1334 	1330
f 1126 	1121 	1334
f 614 	319 	612
f 612 	319 	740
f 319 	616 	592
f 1123 	1122 	1126
f 1332 	1334 	1120
f 1331 	1334 	1332
f 1330 	1334 	1331
f 1334 	1335 	1336
f 319 	614 	616
f 324 	1333 	329
f 1337 	1335 	1334
f 1338 	1337 	1334
f 1339 	1338 	1334
f 1342 	1340 	1334
f 1344 	1334 	1345
f 1770 	750 	745
f 1311 	1309 	1314
f 1314 	1312 	1311
f 1334 	1321 	1346
f 1346 	1345 	1334
f 1344 	1343 	1334
f 329 	1341 	336
f 750 	1102 	1320
f 153 	154 	1347
f 336 	1341 	1379
f 1770 	1102 	750
f 1334 	1350 	154
f 1348 	154 	1349
f 1347 	154 	1348
f 1320 	1106 	612
f 1349 	154 	1350
f 1353 	1352 	1334
f 1352 	1350 	1334
f 1320 	1102 	1106
f 1343 	1342 	1334
f 1340 	1339 	1334
f 1354 	1353 	1334
f 1336 	1354 	1334
f 682 	1355 	534
f 155 	156 	1357
f 1356 	1357 	156
f 1358 	1385 	1359
f 1351 	2255 	2256
f 534 	1355 	1360
f 1351 	1382 	1333
f 534 	1360 	1362
f 534 	1362 	733
f 1370 	1351 	2256
f 1359 	1361 	1363
f 1359 	1363 	1364
f 1359 	1364 	833
f 1359 	833 	837
f 1359 	837 	1284
f 1284 	1289 	1359
f 1366 	135 	1365
f 1367 	135 	1366
f 1368 	135 	1367
f 473 	135 	1368
f 1147 	135 	473
f 1150 	135 	1147
f 142 	135 	1150
f 1359 	1365 	135
f 129 	134 	1357
f 1359 	155 	1358
f 1357 	1358 	155
f 1359 	135 	155
f 1333 	1382 	1341
f 1358 	1357 	134
f 1357 	1356 	130
f 1357 	130 	129
f 9 	10 	156
f 1356 	156 	10
f 130 	1356 	81
f 10 	81 	1356
f 78 	81 	5
f 10 	5 	81
f 1355 	1369 	1360
f 1360 	1371 	1362
f 1369 	1371 	1360
f 202 	212 	1361
f 1362 	1371 	745
f 1370 	1391 	1351
f 425 	1363 	212
f 1361 	212 	1363
f 1362 	745 	733
f 1351 	1391 	1382
f 712 	1364 	256
f 1369 	1760 	1371
f 1372 	1403 	1370
f 1364 	712 	833
f 713 	737 	837
f 534 	1375 	1376
f 1376 	681 	534
f 865 	1284 	737
f 837 	737 	1284
f 377 	1381 	380
f 1365 	941 	1366
f 1379 	1381 	377
f 1373 	1470 	1374
f 1373 	1471 	1470
f 941 	976 	1366
f 1056 	1368 	1367
f 1056 	1367 	1055
f 1094 	473 	643
f 1379 	1341 	1383
f 1382 	1383 	1341
f 1383 	1384 	1379
f 1119 	1147 	1094
f 473 	1094 	1147
f 1376 	1719 	681
f 1150 	1334 	142
f 1379 	1384 	1381
f 1334 	1150 	1126
f 154 	142 	1334
f 1385 	1386 	1359
f 1387 	1388 	1389
f 1387 	1389 	1390
f 1390 	1386 	1387
f 1385 	1387 	1386
f 139 	136 	1390
f 1359 	1386 	1281
f 1361 	1359 	1281
f 1270 	1271 	1386
f 1382 	1392 	1383
f 201 	202 	1281
f 1361 	1281 	202
f 1391 	1392 	1382
f 555 	53 	543
f 1392 	1393 	1383
f 555 	1394 	53
f 1391 	1405 	1392
f 53 	12 	543
f 1378 	1662 	1380
f 1392 	1408 	1393
f 1383 	1393 	1384
f 606 	1395 	604
f 1394 	604 	1395
f 152 	1394 	1395
f 606 	1397 	1395
f 1398 	357 	1396
f 1397 	237 	1395
f 1392 	1405 	1408
f 1399 	371 	364
f 1400 	252 	1397
f 1399 	364 	1398
f 371 	1399 	1401
f 1370 	1403 	1391
f 1401 	376 	371
f 1401 	578 	376
f 1403 	1405 	1391
f 1405 	1403 	1412
f 1396 	1407 	1398
f 1414 	1405 	1412
f 1406 	1407 	1396
f 1398 	1407 	611
f 615 	611 	1407
f 1398 	611 	1399
f 1399 	613 	1401
f 1412 	1403 	1372
f 1399 	611 	613
f 1402 	1413 	1404
f 1411 	1412 	1372
f 1401 	613 	424
f 1410 	1413 	1402
f 1401 	424 	578
f 1405 	1415 	1408
f 1414 	1415 	1405
f 1415 	1803 	1408
f 1406 	1417 	1407
f 1406 	1416 	1417
f 1409 	1419 	1410
f 1407 	1417 	615
f 1418 	1419 	1409
f 1419 	1420 	1410
f 1411 	1818 	1412
f 1817 	1818 	1411
f 1410 	1420 	1413
f 1418 	24 	160
f 1418 	160 	1419
f 1421 	1265 	1298
f 1419 	166 	1420
f 1416 	1422 	622
f 160 	166 	1419
f 1422 	1426 	622
f 1417 	1416 	622
f 1423 	1287 	1286
f 1286 	1425 	1423
f 1417 	622 	626
f 1417 	626 	615
f 380 	1381 	1425
f 630 	622 	1426
f 12 	13 	1424
f 1425 	1427 	1428
f 1424 	13 	24
f 630 	1426 	1455
f 1426 	1454 	1455
f 1425 	1428 	1423
f 541 	12 	1424
f 522 	1430 	525
f 1429 	1430 	522
f 889 	1316 	1220
f 1430 	1431 	525
f 1427 	1425 	1381
f 1434 	1256 	1433
f 1256 	1257 	1433
f 1384 	1427 	1381
f 1430 	1451 	1452
f 1433 	1432 	875
f 1433 	875 	878
f 1436 	1427 	1435
f 1434 	1433 	878
f 1434 	878 	879
f 1431 	605 	525
f 879 	1256 	1434
f 853 	1256 	879
f 1431 	1438 	605
f 1437 	894 	804
f 1452 	1431 	1430
f 1452 	1453 	1431
f 1437 	1183 	895
f 1437 	895 	894
f 605 	1438 	606
f 1441 	1874 	1440
f 1440 	1874 	1439
f 794 	891 	1439
f 1427 	1436 	1428
f 1440 	1439 	891
f 1440 	891 	892
f 1441 	1440 	892
f 1441 	892 	893
f 1384 	1435 	1427
f 1429 	1442 	1451
f 1446 	1458 	1445
f 1445 	1458 	1444
f 1447 	1457 	1446
f 1448 	1457 	1447
f 1449 	1840 	1448
f 1450 	1839 	1449
f 1429 	1451 	1430
f 1393 	1435 	1384
f 1438 	1431 	1453
f 1453 	1400 	1438
f 1438 	1400 	1397
f 1423 	1456 	1287
f 1298 	1287 	1456
f 1459 	1460 	1458
f 1460 	1461 	1458
f 1461 	1462 	1458
f 1462 	1463 	1458
f 1463 	1464 	1458
f 1464 	1465 	1458
f 1465 	1466 	1458
f 1466 	1443 	1458
f 1444 	1458 	1443
f 1457 	1458 	1446
f 630 	1455 	1467
f 1456 	1421 	1298
f 1455 	1517 	1467
f 1468 	1456 	1423
f 907 	908 	1458
f 1104 	671 	1103
f 1468 	1469 	1456
f 673 	1104 	1105
f 1469 	1421 	1456
f 1107 	673 	1105
f 675 	674 	1108
f 912 	913 	1462
f 676 	1108 	1109
f 676 	1109 	439
f 1662 	1471 	1380
f 1428 	1468 	1423
f 1132 	1111 	1112
f 1373 	1380 	1471
f 1113 	1114 	1135
f 1118 	1111 	1143
f 1111 	1132 	1143
f 1119 	1118 	1143
f 1375 	1374 	1472
f 1126 	1150 	1127
f 1148 	1127 	1150
f 1470 	1472 	1374
f 1155 	1120 	1121
f 1155 	1121 	1156
f 1156 	1121 	1122
f 1122 	1123 	1159
f 1428 	1473 	1468
f 1106 	633 	623
f 1124 	1160 	1123
f 1159 	1123 	1160
f 1125 	1161 	1124
f 1160 	1124 	1161
f 1106 	1115 	633
f 1161 	1125 	1127
f 1161 	1127 	1148
f 1279 	1278 	199
f 199 	200 	1279
f 1280 	1279 	200
f 1476 	1477 	1475
f 1475 	1477 	1478
f 1475 	1478 	1479
f 1475 	1479 	1480
f 1475 	1480 	1481
f 1475 	1481 	1482
f 1475 	1482 	1483
f 1475 	1483 	1484
f 1475 	1484 	1485
f 1486 	2226 	1485
f 1509 	2226 	1486
f 1281 	1280 	200
f 1110 	637 	1115
f 1115 	639 	633
f 1476 	1475 	1130
f 1489 	1386 	1488
f 1490 	1386 	1489
f 1491 	1386 	1490
f 1492 	1386 	1491
f 1217 	1218 	1386
f 1115 	637 	639
f 1130 	1477 	1476
f 1489 	1488 	206
f 1479 	1478 	1138
f 1490 	1489 	206
f 1480 	1479 	1138
f 1483 	1482 	1142
f 1484 	1483 	1142
f 1499 	1500 	1497
f 1498 	1499 	1497
f 1500 	1501 	1497
f 1501 	1502 	1497
f 1502 	1503 	1497
f 1503 	1504 	1497
f 1496 	1497 	1504
f 1504 	1505 	1496
f 1505 	1506 	1496
f 1506 	1507 	1496
f 1495 	1496 	1242
f 2155 	1495 	1242
f 1507 	1241 	1496
f 630 	1467 	632
f 632 	1467 	1508
f 1497 	1496 	216
f 1498 	1497 	216
f 1512 	2223 	1511
f 1513 	2222 	1512
f 1511 	2225 	1510
f 1514 	2221 	1513
f 632 	1508 	634
f 634 	1429 	522
f 1511 	1510 	1153
f 634 	1508 	1429
f 1512 	1511 	1153
f 1454 	1515 	1516
f 1454 	1516 	1455
f 1505 	1504 	227
f 1506 	1505 	227
f 1517 	1455 	1516
f 1520 	1522 	1519
f 1521 	1522 	1520
f 1518 	1519 	1522
f 1518 	1522 	1523
f 1518 	1523 	1524
f 1518 	1524 	1525
f 1518 	1525 	1526
f 1518 	1526 	1527
f 1518 	1527 	1529
f 1528 	1508 	1467
f 187 	188 	1269
f 1270 	1269 	188
f 1528 	1467 	1517
f 188 	189 	1270
f 1271 	1270 	189
f 1508 	1528 	1442
f 1273 	1271 	189
f 1273 	189 	192
f 1508 	1442 	1429
f 192 	193 	1273
f 1274 	1273 	193
f 1275 	1274 	193
f 1275 	193 	194
f 194 	196 	1275
f 1276 	1275 	196
f 1277 	1276 	196
f 1277 	196 	197
f 197 	198 	1277
f 1278 	1277 	198
f 199 	1278 	198
f 200 	201 	1281
f 1487 	1219 	204
f 1530 	1396 	357
f 1487 	204 	205
f 1487 	205 	1488
f 1539 	1540 	1536
f 1536 	1518 	1539
f 1535 	1536 	1540
f 1546 	1539 	1518
f 1529 	1546 	1518
f 1488 	205 	206
f 1490 	206 	207
f 1491 	1490 	207
f 1491 	207 	208
f 208 	209 	1491
f 1492 	1491 	209
f 1530 	1537 	1396
f 209 	1269 	1492
f 187 	1269 	209
f 1535 	1534 	1285
f 1285 	1536 	1535
f 1992 	1538 	1537
f 1495 	213 	215
f 1495 	215 	1496
f 1496 	215 	216
f 216 	217 	1498
f 1537 	1538 	1406
f 219 	1499 	217
f 1498 	217 	1499
f 1541 	1542 	1535
f 1542 	1543 	1535
f 1534 	1535 	1543
f 1533 	1534 	1543
f 1543 	1544 	1533
f 1544 	1545 	1533
f 1532 	1533 	1545
f 1583 	1531 	145
f 1499 	219 	220
f 1499 	220 	1500
f 222 	1501 	220
f 1500 	220 	1501
f 1540 	1541 	1535
f 1501 	222 	223
f 1501 	223 	1502
f 1416 	1406 	1538
f 224 	1503 	223
f 1502 	223 	1503
f 1537 	1406 	1396
f 1503 	224 	226
f 1503 	226 	1504
f 1504 	226 	227
f 1542 	1541 	1296
f 227 	228 	1506
f 1543 	1542 	1296
f 229 	1507 	228
f 1506 	228 	1507
f 1241 	1507 	169
f 229 	169 	1507
f 1185 	1213 	1386
f 1129 	1475 	43
f 1538 	1547 	1416
f 1475 	1129 	1130
f 1130 	1136 	1477
f 1477 	1136 	1137
f 1477 	1137 	1478
f 1565 	1551 	1549
f 1478 	1137 	1138
f 1138 	1139 	1480
f 1548 	1549 	1551
f 1140 	1481 	1139
f 1480 	1139 	1481
f 1481 	1140 	1141
f 1481 	1141 	1482
f 1482 	1141 	1142
f 1548 	1552 	1549
f 1547 	1422 	1416
f 1142 	1144 	1484
f 1145 	1485 	1144
f 1484 	1144 	1485
f 1547 	1550 	1422
f 1146 	1486 	1145
f 1485 	1145 	1486
f 1548 	1553 	1552
f 1146 	1509 	1486
f 1149 	1509 	1146
f 1550 	1426 	1422
f 1509 	1149 	1151
f 1509 	1151 	1510
f 1556 	1566 	1555
f 1551 	1565 	1556
f 1510 	1151 	1153
f 1550 	1554 	1426
f 1153 	1154 	1512
f 1157 	1513 	1154
f 1512 	1154 	1513
f 1555 	1562 	1560
f 1162 	1514 	1157
f 1513 	1157 	1514
f 1554 	1454 	1426
f 1554 	1558 	1454
f 1560 	1563 	1559
f 1164 	1165 	1518
f 1519 	1518 	1165
f 1557 	1635 	1559
f 1165 	1166 	1519
f 1520 	1519 	1166
f 1166 	1167 	1520
f 1521 	1520 	1167
f 1522 	1521 	1167
f 1522 	1167 	1168
f 2114 	1561 	1558
f 335 	352 	1557
f 1168 	1169 	1522
f 1523 	1522 	1169
f 1557 	1559 	1563
f 1563 	1560 	1562
f 1566 	1556 	1565
f 1170 	1524 	1169
f 1523 	1169 	1524
f 1558 	1561 	1454
f 1515 	1454 	1561
f 1524 	1170 	1171
f 1524 	1171 	1525
f 1562 	1555 	1566
f 1172 	1526 	1171
f 1525 	1171 	1526
f 1526 	1172 	1173
f 1526 	1173 	1527
f 1174 	1529 	1173
f 1527 	1173 	1529
f 1186 	1272 	1531
f 1532 	1531 	1272
f 1557 	1563 	335
f 1272 	1282 	1532
f 1533 	1532 	1282
f 1282 	1283 	1533
f 1534 	1533 	1283
f 1285 	1534 	1283
f 1569 	1570 	1564
f 1564 	1570 	1567
f 1536 	1285 	1288
f 1288 	1518 	1536
f 1164 	1518 	1288
f 1292 	1540 	1293
f 1539 	1293 	1540
f 234 	1548 	1551
f 1546 	1529 	1291
f 1174 	1291 	1529
f 1546 	1291 	1293
f 1546 	1293 	1539
f 1540 	1292 	1295
f 1540 	1295 	1541
f 1541 	1295 	1296
f 1569 	1564 	2108
f 1296 	1299 	1543
f 1548 	234 	1553
f 1300 	1544 	1299
f 1543 	1299 	1544
f 1302 	1545 	1300
f 1544 	1300 	1545
f 1556 	1555 	325
f 1556 	325 	326
f 2108 	1568 	1569
f 1545 	1302 	151
f 1545 	151 	145
f 1560 	327 	325
f 1555 	1560 	325
f 326 	1551 	1556
f 1575 	1148 	1574
f 1574 	1148 	1573
f 1573 	1148 	1572
f 1576 	1148 	1575
f 1584 	1148 	1576
f 1572 	1148 	1571
f 438 	1514 	1143
f 328 	327 	1559
f 1560 	1559 	327
f 1571 	1514 	1304
f 1162 	1304 	1514
f 1572 	1571 	1304
f 1572 	1304 	1305
f 1573 	1572 	1305
f 1573 	1305 	1307
f 1574 	1573 	1307
f 1574 	1307 	1308
f 1570 	1577 	1567
f 1575 	1574 	1308
f 1575 	1308 	1309
f 1576 	1575 	1309
f 1576 	1309 	1311
f 1562 	334 	1563
f 1311 	1584 	1576
f 1757 	1762 	1568
f 1581 	136 	1580
f 1582 	136 	1581
f 1583 	136 	1582
f 1545 	145 	1532
f 1531 	1532 	145
f 1563 	333 	335
f 1568 	1762 	1569
f 1579 	1578 	1312
f 1579 	1312 	1314
f 1580 	1579 	1314
f 1580 	1314 	1315
f 1581 	1580 	1315
f 1581 	1315 	1317
f 234 	1551 	233
f 1582 	1581 	1317
f 1582 	1317 	1318
f 238 	331 	1549
f 1583 	1582 	1318
f 1583 	1318 	1319
f 1319 	1186 	1583
f 1186 	1531 	1583
f 238 	1549 	239
f 1552 	239 	1549
f 234 	236 	1553
f 1552 	1553 	239
f 236 	239 	1553
f 1588 	1148 	1587
f 1587 	1148 	1586
f 1589 	1148 	1588
f 1590 	1148 	1589
f 1586 	1148 	1585
f 1591 	1148 	1590
f 1592 	1148 	1591
f 1593 	1148 	1592
f 1594 	1148 	1593
f 1595 	1148 	1594
f 1155 	1148 	1595
f 1585 	1148 	1584
f 233 	1551 	326
f 1588 	1587 	1325
f 333 	1563 	334
f 1589 	1588 	1325
f 330 	1566 	331
f 1565 	331 	1566
f 331 	1565 	1549
f 1566 	330 	334
f 1562 	1566 	334
f 1592 	1591 	1329
f 1593 	1592 	1329
f 1594 	1593 	1331
f 1331 	1595 	1594
f 2004 	2005 	1616
f 1601 	1600 	340
f 1606 	136 	1605
f 1604 	1605 	136
f 1607 	136 	1606
f 1608 	136 	1607
f 1609 	136 	1608
f 1610 	136 	1609
f 1611 	136 	1610
f 1612 	136 	1611
f 1613 	136 	1612
f 1578 	136 	1613
f 1602 	1647 	1614
f 1602 	1614 	338
f 1600 	2004 	1616
f 1599 	1805 	1615
f 1615 	1617 	1596
f 1629 	1633 	1641
f 1630 	1620 	1619
f 1618 	1620 	1621
f 1621 	1559 	1635
f 1596 	1617 	1597
f 1624 	136 	1623
f 1622 	1623 	136
f 1625 	136 	1624
f 1626 	136 	1625
f 1627 	1628 	136
f 1628 	1603 	136
f 1603 	1604 	136
f 1626 	1627 	136
f 1579 	136 	1578
f 344 	1621 	1620
f 1618 	1619 	1620
f 343 	328 	1621
f 1633 	1630 	1645
f 1628 	1627 	1354
f 1644 	1645 	1630
f 1603 	1628 	1354
f 1321 	1584 	1311
f 1645 	1641 	1633
f 1584 	1321 	1322
f 1584 	1322 	1585
f 347 	1631 	1632
f 1323 	1586 	1322
f 1585 	1322 	1586
f 1586 	1323 	1324
f 1586 	1324 	1587
f 1587 	1324 	1325
f 1325 	1326 	1589
f 1619 	1644 	1630
f 1590 	1589 	1326
f 1590 	1326 	1327
f 1327 	1328 	1590
f 1591 	1590 	1328
f 1329 	1591 	1328
f 1619 	1618 	351
f 1593 	1329 	1330
f 1331 	1593 	1330
f 1595 	1331 	1332
f 1120 	1155 	1332
f 1332 	1155 	1595
f 1618 	1621 	1635
f 1604 	1603 	1336
f 1604 	1336 	1335
f 1335 	1337 	1604
f 1605 	1604 	1337
f 1635 	352 	1618
f 1606 	1605 	1337
f 1606 	1337 	1338
f 1338 	1339 	1606
f 1607 	1606 	1339
f 1608 	1607 	1339
f 1608 	1339 	1340
f 1636 	1646 	1638
f 1340 	1342 	1608
f 1609 	1608 	1342
f 1610 	1609 	1342
f 1610 	1342 	1343
f 1646 	1632 	1638
f 1641 	1642 	1629
f 1343 	1344 	1610
f 1611 	1610 	1344
f 1612 	1611 	1344
f 1612 	1344 	1345
f 1639 	1638 	1632
f 1632 	1631 	1639
f 1613 	1612 	1345
f 1613 	1345 	1346
f 1598 	1640 	1637
f 1641 	353 	354
f 1641 	354 	1642
f 1312 	1578 	1613
f 1346 	1312 	1613
f 1347 	1622 	153
f 144 	153 	1622
f 1622 	1347 	1348
f 1622 	1348 	1623
f 1349 	1624 	1348
f 1623 	1348 	1624
f 1639 	1642 	354
f 1624 	1349 	1350
f 1624 	1350 	1625
f 1640 	1643 	1634
f 1642 	1639 	1631
f 1631 	1629 	1642
f 1352 	1626 	1350
f 1625 	1350 	1626
f 1626 	1352 	1353
f 1626 	1353 	1627
f 1627 	1353 	1354
f 1354 	1336 	1603
f 351 	356 	1619
f 353 	1641 	1645
f 6 	77 	76
f 6 	76 	1
f 1634 	1643 	1872
f 78 	5 	73
f 4 	73 	5
f 4 	3 	73
f 2002 	2001 	2006
f 2006 	2007 	2002
f 1636 	2064 	1646
f 1648 	1649 	126
f 1648 	126 	125
f 1474 	1378 	1377
f 68 	1650 	1651
f 68 	1651 	69
f 1652 	1653 	128
f 1652 	128 	127
f 71 	1654 	1655
f 71 	1655 	72
f 637 	1110 	1494
f 80 	7 	75
f 2 	75 	7
f 2 	76 	75
f 1 	76 	2
f 1659 	1657 	1658
f 1377 	91 	1474
f 1660 	80 	1659
f 1474 	1662 	1378
f 1493 	1666 	1494
f 1663 	80 	1661
f 1668 	80 	1667
f 1493 	1656 	1666
f 1669 	80 	1668
f 1494 	1092 	637
f 1671 	80 	1670
f 1665 	1667 	80
f 1494 	1666 	1092
f 1673 	80 	1672
f 1672 	80 	1671
f 1674 	80 	1673
f 1675 	80 	1674
f 1676 	80 	1675
f 1679 	7 	1678
f 1656 	1953 	1666
f 1680 	7 	1679
f 1682 	7 	1681
f 1684 	7 	1683
f 1686 	7 	1685
f 1688 	1689 	1687
f 1689 	7 	1687
f 1825 	1470 	1471
f 1677 	7 	1694
f 1693 	7 	1691
f 1470 	1907 	1472
f 1693 	1694 	7
f 1677 	1678 	7
f 1680 	1681 	7
f 1682 	1683 	7
f 1685 	7 	1684
f 1825 	1907 	1470
f 1690 	7 	1676
f 1690 	1691 	7
f 1657 	1659 	80
f 1660 	1661 	80
f 1664 	80 	1663
f 1665 	80 	1664
f 1669 	1670 	80
f 80 	128 	1657
f 1653 	1657 	128
f 91 	257 	1474
f 80 	1676 	7
f 1686 	1687 	7
f 1654 	71 	1689
f 7 	1689 	71
f 74 	3 	79
f 8 	79 	3
f 3 	74 	73
f 259 	1474 	257
f 1697 	1698 	1696
f 1662 	1824 	1471
f 1704 	1703 	79
f 1706 	79 	1707
f 1700 	1710 	1692
f 1707 	79 	1708
f 1472 	1712 	1375
f 1708 	79 	1709
f 1711 	1709 	79
f 1714 	79 	1715
f 1375 	1712 	1376
f 1692 	1710 	1695
f 1717 	8 	1718
f 1720 	1718 	8
f 1721 	8 	1722
f 1738 	1710 	1700
f 1712 	1719 	1376
f 1723 	8 	1724
f 1738 	1743 	1710
f 1725 	1724 	8
f 681 	1719 	1728
f 1730 	1731 	1729
f 1727 	1726 	8
f 1729 	1727 	8
f 1733 	1732 	8
f 1700 	1786 	1736
f 1726 	1725 	8
f 1723 	1722 	8
f 1721 	1720 	8
f 1717 	1735 	8
f 1734 	8 	1735
f 681 	1728 	682
f 1732 	1716 	8
f 79 	8 	1716
f 1716 	1715 	79
f 1734 	1733 	8
f 1355 	682 	1737
f 1728 	1737 	682
f 1714 	1713 	79
f 1713 	1711 	79
f 1706 	1705 	79
f 1705 	1704 	79
f 1702 	79 	1703
f 79 	1702 	1701
f 79 	1701 	1699
f 1699 	1696 	79
f 79 	1696 	1698
f 1648 	125 	1698
f 79 	1698 	125
f 1730 	1729 	8
f 8 	69 	1730
f 1651 	1730 	69
f 1737 	1369 	1355
f 1700 	1736 	1738
f 1742 	51 	1741
f 1907 	1908 	1472
f 18 	1739 	1740
f 18 	1740 	17
f 51 	1742 	52
f 1719 	1712 	1744
f 1746 	1689 	1745
f 1719 	1748 	1728
f 1747 	1689 	1746
f 1719 	1744 	1748
f 1740 	1739 	1747
f 1689 	1747 	1739
f 1799 	1737 	1728
f 1788 	1791 	1736
f 1750 	1689 	1749
f 1751 	1689 	1750
f 1736 	1795 	1738
f 1791 	1795 	1736
f 1752 	1689 	1751
f 1753 	1689 	1752
f 1754 	1689 	1753
f 1755 	1756 	1689
f 1755 	1689 	1754
f 1689 	1756 	1745
f 41 	1763 	1761
f 1759 	1730 	1758
f 1689 	1730 	1763
f 745 	1371 	1765
f 1762 	1769 	1569
f 1570 	1569 	1769
f 1768 	1689 	1767
f 1371 	1760 	1765
f 19 	1749 	1768
f 1766 	1767 	1689
f 1768 	1749 	1689
f 745 	1765 	1770
f 1742 	1741 	1771
f 1692 	1570 	1769
f 1786 	1769 	1762
f 1692 	1577 	1570
f 1773 	1774 	1730
f 1777 	1730 	1776
f 1695 	1598 	1577
f 1775 	1730 	1774
f 1779 	1730 	1777
f 1692 	1695 	1577
f 1780 	1730 	1779
f 64 	65 	1780
f 1781 	1730 	1780
f 1775 	1776 	1730
f 1782 	1783 	1730
f 1783 	1782 	67
f 1760 	1778 	1784
f 67 	37 	1783
f 1782 	1730 	1781
f 1758 	1730 	1783
f 1785 	1757 	261
f 1745 	1756 	11
f 14 	1746 	11
f 1745 	11 	1746
f 1747 	1746 	15
f 14 	15 	1746
f 1747 	15 	1740
f 1757 	1785 	1762
f 1749 	19 	20
f 1749 	20 	1750
f 1784 	1765 	1760
f 1750 	20 	1751
f 1765 	1787 	1770
f 1785 	1786 	1762
f 1765 	1784 	1787
f 1769 	1700 	1692
f 1770 	1110 	1102
f 1700 	1769 	1786
f 1758 	1783 	37
f 1770 	1787 	1110
f 1758 	37 	1759
f 41 	1761 	1759
f 45 	1764 	1763
f 1764 	45 	1766
f 1788 	1785 	265
f 1785 	1788 	1786
f 1436 	1473 	1428
f 1778 	1789 	1784
f 1468 	1473 	1790
f 1788 	1736 	1786
f 1787 	1784 	1493
f 1468 	1790 	1469
f 1789 	1493 	1784
f 1787 	1493 	1494
f 1787 	1494 	1110
f 1791 	1788 	270
f 270 	279 	1791
f 1435 	1793 	1794
f 1789 	1792 	1656
f 1409 	1743 	1738
f 1435 	1794 	1436
f 1409 	1738 	1795
f 1796 	1473 	1436
f 1409 	1410 	1743
f 1794 	1796 	1436
f 1789 	1656 	1493
f 1797 	1790 	1473
f 279 	1798 	1791
f 1791 	1798 	1795
f 1796 	1797 	1473
f 1795 	1418 	1409
f 1798 	1418 	1795
f 1798 	24 	1418
f 1793 	1435 	1393
f 1799 	1728 	1748
f 1408 	1793 	1393
f 1598 	1800 	1599
f 1799 	1801 	1737
f 1807 	1799 	1748
f 1793 	1802 	1794
f 1737 	1801 	1369
f 1803 	1802 	1793
f 1598 	1695 	1800
f 1802 	1804 	1794
f 1800 	1805 	1599
f 1801 	1760 	1369
f 1794 	1804 	1796
f 1796 	1806 	1797
f 1615 	1808 	1617
f 1805 	1808 	1615
f 1804 	1806 	1796
f 1809 	1801 	1799
f 1695 	1710 	1810
f 1800 	1695 	1810
f 1807 	1809 	1799
f 1800 	1811 	1805
f 1801 	1809 	1778
f 1800 	1810 	1811
f 1811 	1812 	1805
f 1803 	1793 	1408
f 1801 	1778 	1760
f 1807 	1813 	1809
f 1805 	1812 	1808
f 1809 	1814 	1778
f 1809 	1813 	1814
f 1814 	1789 	1778
f 1710 	1743 	1810
f 1810 	1402 	1811
f 1813 	1815 	1816
f 1415 	1834 	1803
f 1743 	1402 	1810
f 1402 	1404 	1811
f 1813 	1816 	1814
f 1811 	1404 	1812
f 1814 	1792 	1789
f 1816 	1792 	1814
f 1412 	1819 	1414
f 1402 	1743 	1410
f 1818 	1819 	1412
f 1819 	1820 	1414
f 1828 	1819 	1818
f 1828 	1830 	1819
f 1825 	1471 	1824
f 1414 	1820 	1415
f 1820 	1834 	1415
f 1830 	1820 	1819
f 1757 	2000 	1823
f 1757 	1823 	261
f 1757 	1568 	2000
f 1826 	1827 	1818
f 1826 	1818 	1817
f 1827 	1828 	1818
f 1829 	1474 	259
f 1821 	294 	1822
f 1662 	1474 	1829
f 1821 	1895 	294
f 1822 	294 	299
f 1820 	1830 	1847
f 1824 	1662 	1829
f 1822 	299 	1823
f 1803 	1831 	1802
f 1832 	1833 	1824
f 1831 	1803 	1834
f 1823 	299 	261
f 1835 	1804 	1802
f 309 	294 	1895
f 1831 	1835 	1802
f 1895 	308 	309
f 1804 	1835 	1837
f 1841 	1448 	1840
f 1840 	1449 	1839
f 1842 	1448 	1841
f 1457 	1448 	1842
f 1838 	1839 	1450
f 1835 	1850 	1837
f 1849 	1850 	1835
f 1839 	1838 	919
f 919 	1840 	1839
f 1804 	1837 	1806
f 1958 	1959 	1929
f 1929 	1930 	1958
f 1869 	1870 	1960
f 1820 	1847 	1834
f 1577 	1637 	1567
f 1834 	1847 	1848
f 1844 	1182 	1845
f 1181 	1845 	1182
f 1834 	1848 	1831
f 916 	896 	1443
f 1848 	1849 	1831
f 1443 	896 	897
f 1443 	897 	1444
f 1577 	1598 	1637
f 1831 	1849 	1835
f 897 	1445 	1444
f 1640 	1598 	1599
f 899 	1446 	1445
f 1643 	1640 	1599
f 899 	1447 	1446
f 1986 	1837 	1850
f 902 	1448 	1447
f 1599 	1615 	1643
f 902 	903 	1448
f 1449 	1448 	903
f 1643 	1615 	1596
f 903 	904 	1449
f 1450 	1449 	904
f 1844 	1450 	904
f 907 	1458 	1457
f 1459 	1458 	908
f 1854 	1255 	1238
f 1460 	1459 	908
f 1460 	908 	909
f 909 	1461 	1460
f 1238 	1265 	1854
f 59 	1855 	1851
f 912 	1462 	1461
f 1463 	1462 	913
f 1851 	1856 	1853
f 1857 	1255 	1854
f 1464 	1463 	913
f 1851 	1855 	1856
f 914 	1465 	1464
f 1856 	1858 	1853
f 1852 	1255 	1857
f 1443 	1466 	916
f 897 	898 	1445
f 1445 	898 	899
f 1941 	1858 	1634
f 899 	901 	1447
f 1447 	901 	902
f 1640 	1634 	1858
f 1854 	1265 	1859
f 1457 	906 	907
f 1854 	1860 	1857
f 1855 	1564 	1567
f 1854 	1859 	1860
f 909 	911 	1461
f 1855 	1567 	1856
f 1461 	911 	912
f 1858 	1856 	1637
f 764 	1857 	1860
f 913 	914 	1464
f 1421 	1861 	1859
f 915 	1465 	914
f 1856 	1567 	1637
f 916 	1466 	915
f 1465 	915 	1466
f 1637 	1640 	1858
f 1469 	1861 	1421
f 1859 	1861 	1862
f 917 	1838 	934
f 1838 	917 	919
f 919 	920 	1840
f 1840 	920 	921
f 1840 	921 	1841
f 922 	1842 	921
f 1841 	921 	1842
f 1859 	1862 	1860
f 906 	1842 	922
f 906 	1457 	1842
f 924 	925 	1844
f 1860 	1862 	793
f 1844 	904 	924
f 979 	1929 	926
f 822 	793 	1862
f 925 	1182 	1844
f 927 	926 	1845
f 927 	1845 	1181
f 1860 	793 	764
f 1844 	1845 	1871
f 1845 	1929 	1871
f 1871 	1838 	1844
f 1450 	1844 	1838
f 1870 	1871 	1960
f 1929 	1960 	1871
f 1942 	1634 	1872
f 1868 	1861 	1469
f 1866 	1865 	929
f 1866 	929 	930
f 1867 	1866 	930
f 1867 	930 	931
f 1942 	1872 	1863
f 1869 	1867 	931
f 1869 	931 	932
f 1873 	1864 	1863
f 1870 	1869 	932
f 1870 	932 	933
f 1871 	1870 	933
f 1871 	933 	934
f 1861 	1868 	940
f 934 	1838 	1871
f 1872 	1873 	1863
f 1248 	1249 	1875
f 1875 	1250 	1874
f 1081 	1083 	1874
f 1868 	963 	940
f 893 	1874 	1441
f 1365 	1359 	1289
f 1365 	1289 	941
f 880 	941 	1289
f 1861 	940 	1862
f 1876 	1248 	1875
f 1877 	1263 	1876
f 1878 	1262 	1877
f 1257 	1258 	1433
f 1432 	1262 	1878
f 893 	935 	1874
f 1875 	1874 	935
f 1875 	935 	936
f 1862 	940 	822
f 1876 	1875 	936
f 1876 	936 	937
f 1877 	1876 	937
f 1877 	937 	938
f 1878 	1877 	938
f 1878 	938 	939
f 1872 	1596 	1873
f 1432 	1878 	939
f 1432 	939 	875
f 1872 	1643 	1596
f 1596 	1597 	1873
f 1883 	1960 	1882
f 1884 	1960 	1883
f 1897 	1898 	1960
f 1885 	1960 	1884
f 1886 	1960 	1885
f 1887 	1960 	1886
f 1888 	1960 	1887
f 1889 	1960 	1888
f 1890 	1960 	1889
f 1865 	1960 	1891
f 1866 	1960 	1865
f 1891 	1960 	1890
f 599 	584 	1892
f 1851 	1853 	584
f 1868 	1879 	963
f 1892 	601 	599
f 1893 	602 	601
f 974 	1879 	1983
f 601 	1892 	1893
f 1879 	974 	963
f 1893 	1894 	602
f 1836 	1846 	1895
f 1903 	1846 	1843
f 1900 	1901 	1960
f 1880 	1881 	1960
f 1882 	1960 	1881
f 1880 	1960 	1901
f 1899 	1900 	1960
f 1836 	1895 	1821
f 1752 	27 	1753
f 1753 	27 	1754
f 1754 	31 	1755
f 1755 	32 	1756
f 1910 	1902 	1843
f 1903 	1843 	1902
f 1824 	1833 	1825
f 45 	1763 	42
f 308 	1895 	1846
f 48 	1767 	1766
f 308 	1846 	1903
f 1767 	48 	1768
f 1904 	1829 	259
f 51 	1771 	1741
f 259 	264 	1904
f 1771 	54 	1772
f 1829 	1832 	1824
f 56 	1773 	54
f 1772 	54 	1773
f 1773 	56 	57
f 1773 	57 	1774
f 1904 	1832 	1829
f 1774 	57 	1775
f 61 	1777 	1776
f 1903 	323 	308
f 1777 	61 	1779
f 1914 	1833 	1832
f 1903 	322 	323
f 64 	1780 	1779
f 1781 	1780 	65
f 66 	1782 	65
f 1781 	65 	1782
f 1914 	1916 	1833
f 1782 	66 	67
f 1904 	1913 	1832
f 1740 	15 	17
f 1712 	1472 	1908
f 1908 	1744 	1712
f 1751 	20 	23
f 1833 	1909 	1825
f 25 	1752 	23
f 1751 	23 	1752
f 1833 	1916 	1909
f 1752 	25 	27
f 1825 	1909 	1907
f 31 	1754 	27
f 1907 	1911 	1908
f 1906 	1905 	1843
f 32 	1755 	31
f 1909 	1911 	1907
f 34 	1756 	32
f 1756 	34 	11
f 1843 	1905 	1910
f 1906 	1843 	1846
f 1759 	37 	40
f 1906 	1846 	1836
f 1759 	40 	41
f 42 	1763 	41
f 1910 	1924 	1902
f 47 	1766 	45
f 1908 	2026 	1744
f 1766 	47 	48
f 49 	1768 	48
f 19 	1768 	49
f 50 	1771 	51
f 1902 	322 	1903
f 1771 	50 	54
f 1902 	1912 	322
f 1911 	1909 	1917
f 58 	1775 	57
f 1775 	58 	1776
f 60 	1776 	58
f 1912 	357 	322
f 61 	1776 	60
f 1656 	1938 	1953
f 1832 	1913 	1914
f 63 	1779 	61
f 64 	1779 	63
f 1915 	1092 	1666
f 1666 	1953 	1915
f 1092 	1915 	1905
f 1868 	1469 	1790
f 1915 	1910 	1905
f 1905 	1093 	1092
f 1916 	1917 	1909
f 1905 	1906 	1093
f 1731 	1730 	1689
f 1915 	1961 	1910
f 1898 	1899 	1960
f 1896 	1897 	1960
f 1918 	1896 	1960
f 279 	1424 	1798
f 1761 	1763 	1730
f 1759 	1761 	1730
f 1689 	1763 	1764
f 1689 	1764 	1766
f 1366 	1918 	1367
f 541 	1424 	279
f 1921 	108 	110
f 1424 	24 	1798
f 86 	1919 	87
f 87 	1919 	1920
f 1922 	108 	1921
f 1961 	1924 	1910
f 89 	1975 	90
f 1961 	1923 	1924
f 1888 	1887 	962
f 962 	1889 	1888
f 1891 	1890 	966
f 1923 	1925 	1926
f 966 	929 	1891
f 99 	2018 	100
f 100 	2018 	101
f 1898 	1897 	970
f 2023 	105 	2022
f 104 	2022 	105
f 970 	1899 	1898
f 2023 	106 	105
f 972 	1900 	1899
f 1923 	1926 	1924
f 1901 	1900 	972
f 1924 	1926 	1912
f 1901 	973 	1880
f 1922 	109 	108
f 109 	2030 	111
f 111 	2030 	112
f 1881 	1880 	942
f 1881 	942 	943
f 943 	944 	1881
f 1882 	1881 	944
f 1924 	1912 	1902
f 1883 	1882 	944
f 1883 	944 	945
f 945 	946 	1883
f 1884 	1883 	946
f 1885 	1884 	946
f 1885 	946 	949
f 949 	960 	1885
f 1886 	1885 	960
f 121 	2042 	122
f 1887 	1886 	960
f 1887 	960 	961
f 122 	2042 	123
f 962 	1887 	961
f 1925 	1927 	1928
f 1889 	962 	964
f 964 	965 	1889
f 1890 	1889 	965
f 1927 	1992 	1928
f 966 	1890 	965
f 1927 	2144 	1992
f 1865 	1891 	929
f 85 	1970 	86
f 1925 	1928 	1926
f 1918 	967 	1896
f 1896 	967 	969
f 1896 	969 	1897
f 1926 	1530 	1912
f 1975 	89 	88
f 1897 	969 	970
f 970 	971 	1899
f 1928 	1530 	1926
f 1899 	971 	972
f 90 	2011 	93
f 1530 	357 	1912
f 972 	973 	1901
f 93 	2011 	94
f 94 	2013 	95
f 942 	1880 	973
f 967 	1918 	975
f 2013 	97 	95
f 975 	1918 	976
f 1366 	976 	1918
f 1940 	1956 	1933
f 1933 	1957 	1932
f 1934 	1956 	1940
f 1931 	1932 	1957
f 1935 	1950 	1934
f 1936 	1950 	1935
f 1937 	1950 	1936
f 1930 	1931 	1958
f 1928 	1992 	1537
f 1928 	1537 	1530
f 98 	2015 	83
f 84 	83 	1969
f 1967 	1969 	83
f 1957 	1958 	1931
f 84 	1969 	1970
f 84 	1970 	85
f 1919 	86 	1970
f 1892 	584 	1853
f 1892 	1853 	1941
f 1853 	1858 	1941
f 90 	1975 	2009
f 1893 	1892 	1941
f 90 	2009 	2011
f 1893 	1942 	1894
f 94 	2011 	2012
f 1942 	1893 	1941
f 94 	2012 	2013
f 1939 	1894 	1863
f 1945 	1946 	1944
f 1943 	1944 	1946
f 1946 	1947 	1943
f 1947 	1948 	1943
f 1948 	1949 	1943
f 1949 	1950 	1943
f 1937 	1943 	1950
f 1951 	1934 	1950
f 1952 	1934 	1951
f 1956 	1934 	1952
f 1967 	83 	2015
f 99 	2016 	2018
f 101 	2018 	2019
f 1656 	1792 	1938
f 2019 	102 	101
f 2022 	104 	102
f 2027 	1972 	107
f 1922 	2028 	109
f 109 	2028 	2030
f 112 	2030 	2031
f 112 	2031 	2032
f 112 	2032 	114
f 2033 	115 	2032
f 114 	2032 	115
f 1957 	1933 	1956
f 1867 	1869 	1960
f 1866 	1867 	1960
f 1938 	1955 	1953
f 2036 	117 	2033
f 115 	2033 	117
f 118 	117 	2037
f 2036 	2037 	117
f 1957 	1956 	1009
f 1938 	1954 	1955
f 1009 	1958 	1957
f 118 	2037 	119
f 1953 	1955 	1961
f 2040 	121 	119
f 121 	2040 	2042
f 123 	2042 	2043
f 123 	2043 	124
f 1964 	1966 	1963
f 1965 	1966 	1964
f 1962 	1963 	1966
f 1953 	1961 	1915
f 2016 	99 	124
f 1018 	1987 	1966
f 1919 	1970 	1920
f 1969 	1967 	1657
f 1971 	1955 	1954
f 88 	1972 	1975
f 1979 	1980 	1995
f 1994 	1995 	1980
f 1980 	1981 	1994
f 1993 	1994 	1981
f 1977 	1978 	1995
f 1982 	2078 	1993
f 1790 	1797 	1879
f 1968 	1971 	1954
f 1971 	1923 	1955
f 1879 	1868 	1790
f 1797 	1806 	1983
f 1971 	1925 	1923
f 1978 	1979 	1995
f 1983 	1879 	1797
f 1955 	1923 	1961
f 1806 	1837 	1985
f 1985 	1983 	1806
f 974 	1983 	1006
f 1968 	2129 	1971
f 1983 	1985 	1006
f 1974 	1984 	1997
f 1973 	1974 	1997
f 1991 	1973 	1997
f 1984 	1976 	1997
f 1996 	1997 	1976
f 1995 	1996 	1977
f 1837 	1986 	1985
f 1985 	1986 	1014
f 1968 	2128 	2129
f 1985 	1014 	1006
f 137 	140 	1847
f 2129 	1925 	1971
f 2129 	1927 	1925
f 1988 	1989 	1997
f 1987 	1988 	1997
f 1966 	1987 	1997
f 1962 	1966 	1997
f 1989 	1990 	1997
f 1976 	1977 	1996
f 1990 	1991 	1997
f 1942 	1863 	1894
f 1845 	926 	1929
f 1863 	1864 	1939
f 1929 	979 	984
f 1929 	984 	1930
f 1930 	984 	988
f 1930 	988 	1931
f 989 	1932 	988
f 1931 	988 	1932
f 1932 	989 	990
f 1932 	990 	1933
f 1933 	990 	1940
f 992 	1935 	993
f 1934 	993 	1935
f 990 	991 	1940
f 1942 	1941 	1634
f 1940 	991 	993
f 1940 	993 	1934
f 1400 	1388 	252
f 994 	1936 	992
f 1935 	992 	1936
f 1936 	994 	995
f 1936 	995 	1937
f 1937 	995 	1943
f 253 	252 	1388
f 995 	996 	1943
f 1943 	996 	997
f 1943 	997 	1944
f 998 	1945 	997
f 1944 	997 	1945
f 1945 	998 	999
f 1945 	999 	1946
f 1000 	1947 	999
f 1946 	999 	1947
f 1947 	1000 	1001
f 1947 	1001 	1948
f 1002 	1949 	1001
f 1948 	1001 	1949
f 2010 	2048 	1916
f 1632 	1646 	362
f 1916 	2048 	1917
f 1646 	2001 	362
f 253 	1388 	254
f 2064 	2006 	2001
f 1646 	2064 	2001
f 254 	1388 	2074
f 340 	2002 	1601
f 264 	269 	2003
f 2003 	1904 	264
f 1647 	1602 	2005
f 1602 	1616 	2005
f 1600 	1601 	2008
f 2004 	1600 	2008
f 2007 	2008 	1601
f 2003 	1913 	1904
f 148 	1914 	1913
f 2007 	2006 	366
f 148 	1913 	147
f 1914 	2010 	1916
f 1657 	2009 	1975
f 1975 	1972 	1657
f 148 	2010 	1914
f 2013 	2014 	97
f 2012 	2011 	1657
f 2009 	1657 	2011
f 1131 	1187 	2010
f 97 	2014 	98
f 2015 	98 	2014
f 1823 	2000 	1999
f 2014 	2013 	1657
f 2013 	2012 	1657
f 1823 	1999 	1822
f 1657 	1967 	2015
f 2015 	2014 	1657
f 2048 	2049 	1917
f 2018 	2016 	1698
f 28 	29 	2017
f 149 	147 	2003
f 2019 	2020 	102
f 2003 	147 	1913
f 2019 	2018 	1698
f 2020 	2022 	102
f 148 	1131 	2010
f 2023 	2025 	106
f 1911 	2026 	1908
f 106 	2025 	107
f 2027 	107 	2025
f 2023 	1657 	2025
f 88 	107 	1972
f 1972 	2027 	1657
f 2027 	2025 	1657
f 1998 	1538 	1992
f 1744 	2026 	2029
f 1922 	1921 	2028
f 1998 	1547 	1538
f 1921 	1698 	2028
f 2029 	1748 	1744
f 2029 	1807 	1748
f 2034 	2026 	1911
f 1911 	1917 	2034
f 2037 	2038 	119
f 1812 	1404 	2035
f 2038 	2040 	119
f 2026 	2034 	2041
f 2049 	2034 	1917
f 2036 	1698 	2037
f 2026 	2041 	2029
f 2043 	2044 	124
f 2043 	2042 	1698
f 2040 	1698 	2042
f 2041 	2045 	2029
f 1404 	1413 	2046
f 2044 	2016 	124
f 2044 	2043 	1698
f 2016 	2044 	1698
f 2046 	2035 	1404
f 2035 	2047 	2039
f 2029 	2045 	1807
f 2045 	1813 	1807
f 2035 	2046 	2047
f 2047 	2054 	2039
f 2023 	2022 	1657
f 2022 	2020 	1657
f 1698 	1657 	2020
f 2020 	2019 	1698
f 2039 	2054 	2053
f 2050 	2046 	1413
f 2041 	2034 	2051
f 1413 	1420 	2050
f 2050 	2052 	2046
f 1949 	1002 	1003
f 1949 	1003 	1950
f 1004 	1951 	1003
f 1950 	1003 	1951
f 1951 	1004 	1005
f 1951 	1005 	1952
f 2046 	2052 	2047
f 1005 	1956 	1952
f 1007 	1956 	1005
f 1956 	1007 	1009
f 1009 	1010 	1958
f 1958 	1010 	1011
f 1958 	1011 	1959
f 1012 	1960 	1011
f 1959 	1011 	1960
f 1055 	1367 	1012
f 1962 	1997 	1013
f 1963 	1962 	1013
f 1963 	1013 	1015
f 2050 	2060 	2052
f 1015 	1016 	1963
f 1964 	1963 	1016
f 1661 	1701 	1702
f 1965 	1964 	1016
f 1965 	1016 	1017
f 1017 	1018 	1965
f 1966 	1965 	1018
f 1036 	1987 	1018
f 1667 	1665 	1705
f 1991 	1042 	1973
f 1706 	1668 	1705
f 1023 	1974 	1973
f 1976 	1027 	1977
f 1027 	1976 	1984
f 1713 	1673 	1711
f 1714 	1674 	1713
f 2053 	2055 	2194
f 1977 	1029 	1978
f 2054 	2055 	2053
f 1979 	1978 	1030
f 1029 	1030 	1978
f 1030 	1980 	1979
f 2047 	2056 	2054
f 1982 	1981 	1034
f 2047 	2052 	2056
f 2056 	2057 	2054
f 1038 	1988 	1987
f 1989 	1988 	1038
f 1989 	1038 	1039
f 1039 	1041 	1989
f 1990 	1989 	1041
f 2054 	2057 	2055
f 1041 	1042 	1990
f 1991 	1990 	1042
f 2057 	2056 	2071
f 2034 	2049 	2051
f 2041 	2051 	2058
f 2052 	2070 	2056
f 2041 	2058 	2045
f 2058 	1815 	2045
f 2059 	1420 	166
f 1420 	2059 	2050
f 1686 	1727 	1729
f 2045 	1815 	1813
f 2048 	2010 	1187
f 2060 	2050 	2059
f 2070 	2052 	2060
f 1187 	2212 	2048
f 166 	174 	2061
f 2048 	2212 	2049
f 110 	126 	1921
f 1649 	1921 	126
f 2061 	2059 	166
f 68 	52 	1742
f 68 	1742 	1650
f 2049 	2215 	2051
f 2059 	2062 	2060
f 1697 	1658 	1698
f 2061 	2062 	2059
f 2212 	2215 	2049
f 1697 	1696 	1658
f 1661 	1699 	1701
f 2008 	2007 	366
f 1601 	2002 	2007
f 2063 	2061 	174
f 174 	190 	2063
f 2063 	2065 	2061
f 1647 	2116 	1614
f 2063 	2067 	2065
f 340 	1600 	339
f 2061 	2065 	2062
f 338 	1614 	337
f 1715 	1675 	1714
f 1675 	1715 	1716
f 1600 	1616 	339
f 341 	1616 	338
f 1602 	338 	1616
f 1721 	1680 	1720
f 2063 	2066 	2067
f 1616 	341 	339
f 1680 	1721 	1722
f 1621 	344 	343
f 344 	1620 	1630
f 1724 	1725 	1684
f 1559 	1621 	328
f 1684 	1725 	1726
f 348 	1633 	345
f 1686 	1726 	1727
f 346 	345 	1631
f 1629 	1631 	345
f 2066 	2063 	190
f 1631 	347 	346
f 347 	1632 	362
f 190 	214 	2066
f 349 	344 	1630
f 1629 	345 	1633
f 348 	349 	1633
f 1630 	1633 	349
f 2066 	2069 	2067
f 1618 	350 	351
f 2040 	2038 	1698
f 2037 	1698 	2038
f 2032 	1698 	2033
f 2036 	2033 	1698
f 2030 	1698 	2031
f 2032 	2031 	1698
f 1698 	2030 	2028
f 1649 	1648 	1921
f 1698 	1921 	1648
f 1635 	1557 	352
f 350 	1618 	352
f 214 	225 	2068
f 1638 	359 	358
f 1638 	358 	1636
f 359 	1638 	360
f 1639 	360 	1638
f 2068 	2066 	214
f 354 	360 	1639
f 1442 	1388 	1451
f 355 	1645 	356
f 1644 	356 	1645
f 2068 	2069 	2066
f 1452 	1451 	1388
f 1644 	1619 	356
f 1645 	355 	353
f 1452 	1388 	1453
f 362 	2001 	363
f 1400 	1453 	1388
f 2002 	340 	361
f 361 	363 	2002
f 2001 	2002 	363
f 369 	2005 	370
f 2004 	370 	2005
f 2006 	365 	366
f 358 	367 	1636
f 1388 	1528 	1389
f 365 	2006 	2064
f 366 	368 	2008
f 2064 	1636 	367
f 365 	2064 	367
f 1973 	1042 	1023
f 1024 	1974 	1023
f 1024 	1025 	1974
f 1027 	1026 	1977
f 1517 	1389 	1528
f 2056 	2070 	2071
f 1984 	1974 	1025
f 1388 	1442 	1528
f 1984 	1025 	1027
f 2255 	2057 	2071
f 1977 	1026 	1029
f 1389 	1517 	1516
f 1516 	1515 	1389
f 2060 	2072 	2070
f 1030 	1032 	1980
f 1389 	1515 	1561
f 1033 	1981 	1032
f 1980 	1032 	1981
f 2062 	2072 	2060
f 1981 	1033 	1034
f 1561 	1040 	1389
f 2072 	2073 	2070
f 1987 	1036 	1038
f 2070 	2073 	2071
f 2076 	137 	2077
f 1043 	1993 	1053
f 1043 	1045 	1993
f 1994 	1993 	1045
f 1045 	1046 	1994
f 1995 	1994 	1046
f 2076 	2074 	137
f 1046 	1047 	1995
f 1996 	1995 	1047
f 2062 	2075 	2072
f 1997 	1996 	1047
f 1997 	1047 	1048
f 1997 	1048 	1013
f 1180 	1179 	2078
f 2080 	2078 	1179
f 2065 	2075 	2062
f 1180 	2078 	1052
f 1180 	1052 	1050
f 2075 	2079 	2072
f 1981 	1982 	1993
f 2078 	1034 	1052
f 1982 	1034 	2078
f 1959 	1960 	1929
f 1960 	1012 	1367
f 1993 	2078 	2080
f 2072 	2079 	2073
f 1066 	1053 	2080
f 472 	1368 	452
f 1056 	459 	1368
f 452 	1368 	459
f 1053 	1993 	2080
f 2081 	137 	2082
f 1918 	1960 	1367
f 2077 	137 	2081
f 472 	473 	1368
f 1826 	2082 	137
f 1828 	1827 	137
f 1066 	2080 	1179
f 2065 	2083 	2075
f 2202 	2203 	2093
f 2092 	2093 	2203
f 2091 	2092 	2203
f 2210 	2091 	2203
f 2093 	2094 	2202
f 1826 	137 	1827
f 2067 	2083 	2065
f 2084 	438 	1057
f 2085 	2084 	1057
f 2085 	1057 	1059
f 2086 	2085 	1059
f 2086 	1059 	1060
f 2258 	2079 	2075
f 2087 	2086 	1060
f 2087 	1060 	1061
f 2088 	2087 	1061
f 2088 	1061 	1062
f 2089 	2088 	1062
f 2089 	1062 	1064
f 1064 	2202 	2089
f 16 	1067 	1178
f 2069 	2090 	2067
f 2067 	2090 	2083
f 2096 	2097 	2086
f 2086 	2087 	2096
f 2097 	2098 	2086
f 2085 	2086 	2098
f 2098 	2099 	2085
f 2084 	2085 	2099
f 2099 	2100 	2084
f 2100 	2218 	2084
f 2217 	2058 	2051
f 1828 	137 	1830
f 2058 	2235 	1815
f 140 	1849 	1848
f 245 	2101 	225
f 1847 	140 	1848
f 225 	2101 	2068
f 2102 	2069 	2068
f 113 	2024 	2104
f 1847 	1830 	137
f 29 	113 	2104
f 2103 	2176 	2105
f 1849 	140 	1850
f 2175 	2176 	2103
f 2106 	2017 	29
f 1986 	140 	1014
f 140 	1986 	1850
f 29 	2104 	2106
f 137 	2074 	138
f 1387 	138 	2074
f 2074 	1388 	1387
f 138 	1387 	133
f 1385 	133 	1387
f 2017 	2106 	2108
f 2008 	368 	370
f 2008 	370 	2004
f 1358 	134 	1385
f 1385 	134 	133
f 2005 	369 	372
f 2005 	372 	1647
f 337 	1614 	2113
f 1568 	2108 	2106
f 432 	2142 	306
f 2017 	2108 	55
f 2109 	1554 	1550
f 2109 	2110 	1554
f 372 	2116 	1647
f 582 	583 	2110
f 2110 	2109 	582
f 1230 	2111 	2148
f 2115 	2117 	2111
f 2108 	1564 	55
f 378 	375 	2116
f 375 	2113 	2116
f 374 	2111 	184
f 2021 	2112 	2024
f 1558 	1554 	2110
f 2113 	1614 	2116
f 583 	621 	2114
f 337 	2113 	375
f 2114 	2110 	583
f 1558 	2110 	2114
f 1040 	2114 	621
f 2024 	2112 	1999
f 2112 	1822 	1999
f 2114 	1040 	1561
f 2118 	2158 	2117
f 1246 	1247 	2149
f 1229 	1230 	2148
f 2024 	1999 	2104
f 2104 	1999 	2000
f 2104 	2000 	2106
f 2119 	2158 	2118
f 2130 	2158 	2119
f 2131 	2158 	2130
f 2121 	246 	2120
f 2122 	246 	2121
f 2123 	2185 	2122
f 2124 	2164 	2123
f 2125 	2162 	2124
f 2126 	2178 	2125
f 2127 	2178 	2126
f 2159 	2120 	246
f 1568 	2106 	2000
f 2135 	1836 	2112
f 2120 	2158 	2131
f 1822 	2112 	1821
f 2131 	2130 	385
f 2021 	636 	641
f 635 	640 	2132
f 2120 	2131 	385
f 2133 	639 	1093
f 2132 	2128 	635
f 2133 	641 	639
f 2128 	2134 	2129
f 641 	2133 	2135
f 2128 	2132 	2134
f 2129 	2134 	1927
f 2127 	395 	2165
f 641 	2135 	2021
f 2144 	1927 	2134
f 2135 	2112 	2021
f 2138 	571 	2137
f 2139 	571 	2138
f 2136 	2137 	571
f 2140 	571 	2139
f 2141 	571 	2140
f 2142 	571 	2141
f 1184 	306 	2142
f 2136 	251 	400
f 2133 	1093 	1906
f 2137 	2136 	400
f 1836 	2135 	2133
f 640 	587 	2132
f 1906 	1836 	2133
f 1821 	2112 	1836
f 2132 	587 	588
f 143 	96 	28
f 2132 	588 	2134
f 413 	231 	1184
f 2142 	413 	1184
f 2134 	588 	2144
f 2115 	2111 	379
f 374 	379 	2111
f 2116 	372 	378
f 382 	2115 	379
f 2143 	564 	28
f 2118 	2117 	381
f 382 	381 	2117
f 588 	591 	2145
f 59 	570 	2143
f 2117 	2115 	382
f 383 	2119 	381
f 2118 	381 	2119
f 588 	2145 	2144
f 2017 	55 	2143
f 2144 	1998 	1992
f 2143 	55 	59
f 388 	2121 	389
f 2120 	389 	2121
f 2144 	2145 	1998
f 2130 	2119 	384
f 383 	384 	2119
f 2130 	384 	385
f 385 	389 	2120
f 2146 	2145 	591
f 2121 	388 	390
f 2121 	390 	2122
f 391 	2123 	390
f 2122 	390 	2123
f 2145 	2146 	2147
f 2123 	391 	392
f 2123 	392 	2124
f 29 	28 	96
f 393 	2125 	392
f 2124 	392 	2125
f 96 	113 	29
f 394 	2126 	393
f 2125 	393 	2126
f 395 	2127 	394
f 2126 	394 	2127
f 2145 	2147 	1998
f 283 	2165 	395
f 28 	2017 	2143
f 2147 	1547 	1998
f 400 	408 	2137
f 603 	582 	2146
f 1650 	1742 	1651
f 1730 	1651 	1742
f 1742 	1771 	1730
f 1730 	1771 	1772
f 1773 	1730 	1772
f 409 	2138 	408
f 2137 	408 	2138
f 1920 	1652 	87
f 1652 	127 	87
f 2138 	409 	410
f 2138 	410 	2139
f 18 	72 	1739
f 1655 	1739 	72
f 411 	2140 	410
f 2139 	410 	2140
f 2140 	411 	412
f 2140 	412 	2141
f 1658 	1657 	1698
f 413 	2142 	412
f 2141 	412 	2142
f 1689 	1688 	1731
f 2147 	1550 	1547
f 2150 	2151 	1245
f 1244 	1245 	2151
f 1243 	1244 	2151
f 2152 	1243 	2151
f 2153 	1243 	2152
f 2154 	1243 	2153
f 1241 	1242 	1496
f 2157 	2150 	1246
f 2148 	414 	415
f 2147 	2146 	2109
f 2157 	2149 	416
f 1245 	1246 	2150
f 2146 	582 	2109
f 2156 	2148 	415
f 1550 	2147 	2109
f 2149 	2156 	415
f 2149 	415 	416
f 2151 	2150 	419
f 2151 	419 	418
f 416 	417 	2157
f 1696 	1659 	1658
f 2150 	2157 	417
f 2150 	417 	419
f 1696 	1699 	1659
f 1660 	1659 	1699
f 1661 	1660 	1699
f 2148 	1363 	414
f 1702 	1663 	1661
f 2152 	2151 	418
f 2152 	418 	420
f 1663 	1702 	1664
f 1703 	1664 	1702
f 1664 	1703 	1665
f 1704 	1665 	1703
f 2153 	2152 	420
f 2153 	420 	421
f 1704 	1705 	1665
f 1667 	1705 	1668
f 2154 	2153 	421
f 2154 	421 	422
f 1707 	1669 	1668
f 1707 	1668 	1706
f 425 	414 	1363
f 1707 	1708 	1669
f 1670 	1669 	1708
f 2155 	2154 	422
f 2155 	422 	423
f 1708 	1709 	1670
f 1671 	1670 	1709
f 2148 	2158 	1363
f 1711 	1672 	1709
f 1671 	1709 	1672
f 423 	213 	2155
f 1495 	2155 	213
f 1673 	1672 	1711
f 1673 	1713 	1674
f 1714 	1675 	1674
f 1676 	1675 	1716
f 1364 	1363 	2158
f 255 	256 	2158
f 1364 	2158 	256
f 2149 	2157 	1246
f 2158 	2120 	2159
f 2159 	246 	258
f 2158 	2159 	258
f 2158 	258 	255
f 1682 	1723 	1683
f 2161 	2125 	2160
f 2162 	2125 	2161
f 2163 	2124 	2162
f 2164 	2124 	2163
f 2185 	2123 	2164
f 2186 	2122 	2185
f 1724 	1684 	1683
f 1694 	1735 	1677
f 1717 	1718 	1677
f 1678 	1677 	1718
f 2166 	2167 	2170
f 2168 	2170 	2167
f 2170 	2171 	2166
f 2169 	2170 	2168
f 2165 	2166 	2171
f 2127 	2165 	2171
f 2127 	2171 	2172
f 2172 	2177 	2127
f 2174 	2125 	2173
f 2160 	2125 	2174
f 1678 	1718 	1679
f 1720 	1679 	1718
f 1680 	1679 	1720
f 1722 	1681 	1680
f 1722 	1723 	1681
f 1681 	1723 	1682
f 1724 	1683 	1723
f 1726 	1685 	1684
f 1685 	1726 	1686
f 1808 	1812 	2175
f 1729 	1687 	1686
f 1688 	1687 	1731
f 1729 	1731 	1687
f 1732 	1690 	1676
f 1732 	1676 	1716
f 2103 	1808 	2175
f 1733 	1691 	1690
f 1733 	1690 	1732
f 1691 	1733 	1693
f 1734 	1693 	1733
f 2178 	2127 	2177
f 2173 	2125 	2178
f 1735 	1694 	1693
f 1734 	1735 	1693
f 1717 	1677 	1735
f 1653 	1920 	1657
f 1920 	1970 	1657
f 1652 	1920 	1653
f 1970 	1969 	1657
f 1655 	1654 	1739
f 1689 	1739 	1654
f 2101 	2102 	2068
f 2102 	2179 	2069
f 275 	277 	2160
f 2161 	2160 	277
f 280 	2162 	277
f 2161 	277 	2162
f 2179 	2090 	2069
f 2035 	2175 	1812
f 280 	281 	2162
f 2163 	2162 	281
f 2035 	2039 	2175
f 281 	282 	2163
f 2164 	2163 	282
f 2176 	2175 	2039
f 254 	2074 	245
f 245 	2074 	2101
f 2039 	2053 	2176
f 2165 	283 	2166
f 2101 	2076 	2102
f 2074 	2076 	2101
f 285 	2167 	2166
f 2102 	2077 	2179
f 2168 	2167 	286
f 285 	286 	2167
f 2168 	286 	2169
f 287 	2169 	286
f 2102 	2076 	2077
f 287 	2170 	2169
f 2077 	2081 	2179
f 2180 	2181 	116
f 2171 	289 	290
f 2171 	290 	2172
f 293 	2172 	290
f 291 	2174 	2173
f 2177 	2172 	293
f 116 	2181 	120
f 295 	2178 	293
f 2177 	293 	2178
f 2181 	2183 	120
f 291 	2173 	295
f 2178 	295 	2173
f 246 	2122 	2186
f 282 	2185 	2164
f 2183 	271 	120
f 2186 	2185 	298
f 246 	2186 	298
f 2188 	2107 	2105
f 2188 	2105 	2176
f 2188 	2189 	2107
f 2190 	2182 	1597
f 1597 	1617 	2190
f 2190 	2191 	2182
f 2189 	2180 	2107
f 2181 	2180 	2192
f 2103 	2105 	2190
f 2189 	2192 	2180
f 2190 	2105 	2191
f 2184 	2182 	2191
f 2184 	2193 	2187
f 158 	2183 	2181
f 2191 	2193 	2184
f 2187 	116 	240
f 2192 	158 	2181
f 2193 	116 	2187
f 158 	203 	2183
f 1617 	2103 	2190
f 1617 	1808 	2103
f 2176 	2053 	2188
f 2053 	2194 	2188
f 2105 	2107 	2191
f 2188 	2194 	2189
f 2191 	2107 	2193
f 2189 	2195 	2192
f 2193 	2180 	116
f 2107 	2180 	2193
f 2194 	2195 	2189
f 2195 	165 	2192
f 2192 	165 	158
f 1864 	1873 	2199
f 316 	318 	2195
f 2195 	318 	165
f 2199 	2196 	1864
f 2199 	2200 	2196
f 1070 	2093 	2092
f 2199 	2182 	2200
f 271 	2183 	186
f 2196 	2200 	2197
f 191 	278 	186
f 2197 	2201 	2198
f 2200 	2201 	2197
f 203 	186 	2183
f 1873 	1597 	2199
f 2055 	316 	2194
f 1597 	2182 	2199
f 2194 	316 	2195
f 2055 	2057 	324
f 2205 	2206 	2203
f 2204 	2205 	2203
f 2206 	2207 	2203
f 2207 	2208 	2203
f 2208 	2209 	2203
f 2209 	2210 	2203
f 2088 	2089 	2094
f 2087 	2088 	2094
f 2094 	2095 	2087
f 2095 	2096 	2087
f 2089 	2202 	2094
f 2200 	2184 	2201
f 324 	316 	2055
f 2182 	2184 	2200
f 1086 	1087 	2205
f 1187 	1195 	2212
f 1894 	297 	602
f 2220 	2221 	438
f 2211 	297 	1939
f 1178 	2218 	16
f 2218 	2220 	438
f 438 	2084 	2218
f 2051 	2215 	2217
f 1894 	1939 	297
f 16 	2218 	2100
f 1939 	2219 	2211
f 1571 	1148 	1514
f 1939 	1864 	2219
f 2211 	2219 	2213
f 1514 	438 	2221
f 2222 	1513 	2221
f 2223 	1512 	2222
f 2224 	1511 	2223
f 2225 	1511 	2224
f 2230 	1510 	2225
f 1475 	1485 	2226
f 1509 	1510 	2226
f 2220 	21 	22
f 2220 	22 	2221
f 2213 	2227 	2214
f 2219 	2227 	2213
f 2222 	2221 	22
f 2222 	22 	26
f 2227 	2228 	2214
f 26 	2223 	2222
f 2214 	2228 	2216
f 2224 	2223 	36
f 1195 	2229 	2212
f 36 	38 	2224
f 2225 	2224 	38
f 2212 	2229 	2215
f 1178 	1177 	2218
f 2229 	2248 	2215
f 43 	1475 	2226
f 1864 	2196 	2219
f 2226 	1510 	2230
f 2230 	2225 	46
f 38 	46 	2225
f 2219 	2196 	2227
f 1177 	2220 	2218
f 2229 	2251 	2248
f 21 	2220 	157
f 1177 	157 	2220
f 2226 	2230 	46
f 2226 	46 	43
f 2227 	2197 	2228
f 2215 	2248 	2217
f 2196 	2197 	2227
f 2217 	2248 	2249
f 2197 	2198 	2228
f 1070 	2092 	2091
f 1073 	2094 	2093
f 2094 	1073 	2095
f 2096 	1076 	2097
f 2216 	2234 	2231
f 2098 	2097 	1077
f 1076 	1077 	2097
f 2098 	1077 	2099
f 2228 	2234 	2216
f 2236 	1816 	1815
f 2234 	2237 	2231
f 1815 	2235 	2236
f 2238 	1792 	1816
f 2203 	2202 	1084
f 2231 	2237 	2232
f 1084 	2204 	2203
f 35 	2233 	2232
f 2238 	1816 	2236
f 1086 	2205 	2204
f 2206 	2205 	1087
f 1938 	1792 	2238
f 2207 	2206 	1087
f 2207 	1087 	1088
f 35 	39 	694
f 35 	694 	2233
f 1088 	1089 	2207
f 2208 	2207 	1089
f 2247 	696 	694
f 2209 	2208 	1089
f 2228 	2198 	2234
f 2091 	1069 	1070
f 2235 	2249 	2239
f 1070 	1071 	2093
f 2093 	1071 	1073
f 1073 	1074 	2095
f 2235 	2239 	2236
f 2236 	2239 	2240
f 2095 	1074 	1075
f 2095 	1075 	2096
f 2096 	1075 	1076
f 1077 	1078 	2099
f 2198 	2241 	2234
f 2236 	2240 	2238
f 1079 	2100 	1078
f 2099 	1078 	2100
f 2238 	1954 	1938
f 16 	2100 	1079
f 2202 	1064 	1082
f 2242 	33 	35
f 2240 	1954 	2238
f 2202 	1082 	1084
f 1084 	1085 	2204
f 2198 	2243 	2241
f 2204 	1085 	1086
f 2201 	2243 	2198
f 2243 	2245 	2241
f 2246 	2240 	2239
f 1089 	1090 	2209
f 1091 	2210 	1090
f 2209 	1090 	2210
f 2241 	2245 	2242
f 1069 	2091 	1091
f 2210 	1091 	2091
f 2239 	2244 	2246
f 141 	33 	2242
f 2245 	141 	2242
f 2240 	2246 	1968
f 2184 	2187 	2201
f 2187 	2243 	2201
f 2246 	2128 	1968
f 2246 	635 	2128
f 2187 	240 	2243
f 2243 	240 	2245
f 2240 	1968 	1954
f 2245 	243 	141
f 2232 	2237 	35
f 2252 	631 	2244
f 694 	39 	2247
f 2244 	631 	635
f 44 	2247 	39
f 2247 	257 	91
f 2244 	635 	2246
f 44 	257 	2247
f 2234 	2241 	2237
f 2242 	35 	2237
f 2237 	2241 	2242
f 2058 	2217 	2235
f 2249 	2235 	2217
f 2250 	2229 	1195
f 1195 	1205 	2250
f 2250 	2251 	2229
f 2248 	2252 	2249
f 2248 	2251 	2252
f 2244 	2249 	2252
f 2244 	2239 	2249
f 1205 	1852 	2250
f 2251 	2250 	2253
f 1852 	2253 	2250
f 2251 	2253 	651
f 2253 	655 	651
f 2254 	655 	2253
f 2251 	651 	2252
f 651 	631 	2252
f 2254 	2253 	1852
f 1852 	1857 	2254
f 2254 	1857 	764
f 2254 	764 	770
f 2254 	770 	655
f 324 	2057 	2255
f 1333 	324 	2255
f 2256 	2255 	2071
f 2071 	2073 	2256
f 1351 	1333 	2255
f 2073 	2079 	2257
f 2257 	2256 	2073
f 1370 	2256 	2257
f 2075 	2083 	2258
f 2079 	2259 	2257
f 2079 	2258 	2259
f 2259 	1372 	2257
f 1372 	1370 	2257
f 2260 	2258 	2083
f 2090 	2260 	2083
f 2260 	2261 	2258
f 2258 	2261 	2259
f 1411 	1372 	2259
f 2261 	1411 	2259
f 2262 	2260 	2090
f 1411 	2261 	1817
f 2179 	2262 	2090
f 2262 	2263 	2260
f 2262 	2082 	2263
f 2260 	2263 	2261
f 2263 	1817 	2261
f 1817 	2263 	1826
f 2082 	1826 	2263
f 2081 	2262 	2179
f 2081 	2082 	2262
# 4522 faces

 #end of obj_0

